feature_group,mean_abs_shap_pK,mean_shap_pK,repeat_mean_abs_difference_pK
ECFP bit 172,0.013262923564637588,-0.013262923564637588,0.00819167658583044
ECFP bit 3867,0.01176968057981386,-0.01176968057981386,0.004369073602702019
ECFP bit 465,0.010220109996973434,-0.010220109996973434,0.008321182875512811
ECFP bit 13,0.009146181620517427,0.005483781674111139,0.003870015967668561
ECFP bit 356,0.007258926370756248,0.007258926370756248,0.0011980450049947078
Remaining lipid bits (joint),0.007211395166411144,0.007211395166411144,0.005008759276248646
ECFP bit 306,0.007190863425671222,0.0047127097587559745,0.004882267524818666
ECFP bit 2343,0.006590682662485044,-0.006590682662485044,0.0036947389698465485
ECFP bit 734,0.006529340498677104,0.002593448712353517,0.0035703386082413524
ECFP bit 531,0.006199260172063829,0.00017020635044812105,0.007895883557714348
ECFP bit 811,0.00517339063730408,-0.00517339063730408,0.002231230846079346
ECFP bit 876,0.004707967811278173,0.0017527336110190934,0.005691071030141844
ECFP bit 896,0.004520325017418623,0.0015186261694285959,0.004807937677306788
ECFP bit 582,0.0034546712888215056,0.002726819107928861,0.005278142930762564
ECFP bit 4007,0.002990412230213957,0.002990412230213957,0.0020110916631714084
ECFP bit 1750,0.0025230647581602483,0.0025230647581602483,0.0008860442318401144
ECFP bit 2888,0.0025020468685351405,0.0018928540303832602,0.0019996846449343297
ECFP bit 3288,0.0019403288791021156,0.0019048193382532979,0.004820566403150169
ECFP bit 530,0.0016867788790002707,0.0016867788790002707,0.004168854443157677
ECFP bit 289,0.0014413867415864572,0.0014413867415864572,0.0025867675470708598
ECFP bit 539,0.0011488245423617778,0.0011488245423617778,0.0007231634009671936
Protein descriptors (joint),0.0,0.0,0.0
