role,dataset,representation,kernel,protocol,n_seeds,mae_mean,mae_sd,r2_mean,recall_mean,recall_auc_mean,convergence_fraction
prediction,biodolphin_Kd,ecfp,linear,uncertainty,3,0.640753786906935,0.0410503624831334,0.665238868776473,0.338095238095238,0.2097619047619048,1.0
discovery,biodolphin_Kd,chemberta_mlm,linear,ucb_balanced,3,0.8683041576695033,0.1362770586385213,0.4668674136088813,0.9761904761904764,0.7826190476190478,1.0
prediction,biodolphin_Kd_889201f64e9f,chemberta_mlm,matern32,ucb_explore_heavy,3,0.4894042659473389,0.2906908334076822,-2.6012164398067537,1.0,0.3888888888888889,1.0
discovery,biodolphin_Kd_889201f64e9f,chemberta,linear,greedy,3,0.5481437285470335,0.284716796857806,-3.4442499285961605,1.0,0.9444444444444444,1.0
discovery,biodolphin_Kd_889201f64e9f,chemberta,linear,ucb_alternate,3,0.5526668441371565,0.2905778223607497,-3.538799459087134,1.0,0.9444444444444444,1.0
discovery,biodolphin_Kd_889201f64e9f,chemberta,linear,ucb_balanced,3,0.5481440578926118,0.2847172200294473,-3.444256589567136,1.0,0.9444444444444444,1.0
discovery,biodolphin_Kd_889201f64e9f,chemberta,linear,ucb_exploit_heavy,3,0.5589675229369163,0.2669426743991753,-3.618371004275497,1.0,0.9444444444444444,1.0
discovery,biodolphin_Kd_889201f64e9f,chemberta,matern32,ei,3,0.5333190158017471,0.3228145956963355,-3.225016776703335,1.0,0.9444444444444444,1.0
discovery,biodolphin_Kd_889201f64e9f,chemberta,matern32,greedy,3,0.5333190158017471,0.3228145956963355,-3.225016776703335,1.0,0.9444444444444444,1.0
discovery,biodolphin_Kd_889201f64e9f,chemberta,matern32,pi,3,0.5333190158017471,0.3228145956963355,-3.225016776703335,1.0,0.9444444444444444,1.0
discovery,biodolphin_Kd_889201f64e9f,chemberta,matern32,ucb_alternate,3,0.5333233065686201,0.3228162480449714,-3.276412379802592,1.0,0.9444444444444444,1.0
discovery,biodolphin_Kd_889201f64e9f,chemberta,matern32,ucb_balanced,3,0.5333190158017471,0.3228145956963355,-3.225016776703335,1.0,0.9444444444444444,1.0
discovery,biodolphin_Kd_889201f64e9f,chemberta,matern32,ucb_exploit_heavy,3,0.5333233275892354,0.3228162747142968,-3.276412892434728,1.0,0.9444444444444444,1.0
discovery,biodolphin_Kd_889201f64e9f,chemberta,rq,ei,3,0.5332044966747801,0.3226887013787771,-3.223701121958076,1.0,0.9444444444444444,1.0
discovery,biodolphin_Kd_889201f64e9f,chemberta,rq,greedy,3,0.5332044966747801,0.3226887013787771,-3.223701121958076,1.0,0.9444444444444444,1.0
discovery,biodolphin_Kd_889201f64e9f,chemberta,rq,pi,3,0.5332044966747801,0.3226887013787771,-3.223701121958076,1.0,0.9444444444444444,1.0
discovery,biodolphin_Kd_889201f64e9f,chemberta,rq,ucb_alternate,3,0.5332051495241211,0.3226889558431549,-3.2751018104896694,1.0,0.9444444444444444,1.0
discovery,biodolphin_Kd_889201f64e9f,chemberta,rq,ucb_balanced,3,0.5332044966747801,0.3226887013787771,-3.223701121958076,1.0,0.9444444444444444,1.0
discovery,biodolphin_Kd_889201f64e9f,chemberta,rq,ucb_exploit_heavy,3,0.5332051495106601,0.3226889558337114,-3.275102001419677,1.0,0.9444444444444444,1.0
discovery,biodolphin_Kd_889201f64e9f,chemberta,tanimoto,greedy,3,0.5589770777507971,0.2669178988052533,-3.618467756944353,1.0,0.9444444444444444,1.0
discovery,biodolphin_Kd_889201f64e9f,chemberta,tanimoto,ucb_alternate,3,0.5392220881020943,0.3126557578256246,-3.4050374459180053,1.0,0.9444444444444444,1.0
discovery,biodolphin_Kd_889201f64e9f,chemberta,tanimoto,ucb_balanced,3,0.5589770777507971,0.2669178988052533,-3.618467756944353,1.0,0.9444444444444444,1.0
discovery,biodolphin_Kd_889201f64e9f,chemberta,tanimoto,ucb_exploit_heavy,3,0.5589792563796707,0.3386929421944882,-3.836955885848726,1.0,0.9444444444444444,1.0
discovery,biodolphin_Kd_889201f64e9f,molformer,linear,ucb_balanced,3,0.5526526598660846,0.2906034442177088,-3.5387500554524904,1.0,0.9444444444444444,1.0
discovery,biodolphin_Kd_889201f64e9f,molformer,linear,ucb_explore_heavy,3,0.5526524400074782,0.2906031571021052,-3.5387452394755967,1.0,0.9444444444444444,1.0
discovery,biodolphin_Kd_889201f64e9f,molformer,linear,ucb_gradual,3,0.5526526599602343,0.2906034442489947,-3.538749226328156,1.0,0.9444444444444444,1.0
discovery,biodolphin_Kd_889201f64e9f,molformer,linear,ucb_sandwich,3,0.5346576041654697,0.3069994294539649,-3.2805839853347614,1.0,0.9444444444444444,1.0
discovery,biodolphin_Kd_889201f64e9f,molformer,linear,uncertainty,3,0.5454687693896957,0.3208552644505134,-3.509308570518202,1.0,0.9444444444444444,1.0
prediction,biodolphin_Kd_e1eca46439c9,chemberta_mlm,tanimoto,ucb_alternate,3,0.2713383096132877,0.1633424527211228,-1.1382972098507769,0.6666666666666666,0.6388888888888888,1.0
discovery,biodolphin_Kd_e1eca46439c9,chemberta,linear,ei,3,0.3303183959735989,0.2552789904052787,-1.4794424221235185,1.0,0.9444444444444444,1.0
discovery,biodolphin_Kd_e1eca46439c9,chemberta,linear,greedy,3,0.3118169556650074,0.247687629475179,-1.129195882559796,1.0,0.9444444444444444,1.0
discovery,biodolphin_Kd_e1eca46439c9,chemberta,linear,pi,3,0.3303183959735989,0.2552789904052787,-1.4794424221235185,1.0,0.9444444444444444,1.0
discovery,biodolphin_Kd_e1eca46439c9,chemberta,linear,random,3,0.3089797966500058,0.2431213491842326,-0.8765957292009251,1.0,0.9444444444444444,1.0
discovery,biodolphin_Kd_e1eca46439c9,chemberta,linear,ucb_alternate,3,0.311818386166361,0.2476899440527346,-1.129210022876982,1.0,0.9444444444444444,1.0
discovery,biodolphin_Kd_e1eca46439c9,chemberta,linear,ucb_balanced,3,0.3163502876285236,0.2550378704968911,-1.167492074123736,1.0,0.9444444444444444,1.0
discovery,biodolphin_Kd_e1eca46439c9,chemberta,linear,ucb_exploit_heavy,3,0.3118183965916885,0.2476909503474544,-1.0281266780055889,1.0,0.9444444444444444,1.0
discovery,biodolphin_Kd_e1eca46439c9,chemberta,linear,ucb_explore_heavy,3,0.3118179058243573,0.2476891668677105,-1.1292060041659615,1.0,0.9444444444444444,1.0
discovery,biodolphin_Kd_e1eca46439c9,chemberta,linear,ucb_gradual,3,0.3163502876285236,0.2550378704968911,-1.167492074123736,1.0,0.9444444444444444,1.0
discovery,biodolphin_Kd_e1eca46439c9,chemberta,linear,ucb_sandwich,3,0.3118183965916885,0.2476909503474544,-1.0281266780055889,1.0,0.9444444444444444,1.0
discovery,biodolphin_Kd_e1eca46439c9,chemberta,linear,uncertainty,3,0.3118180126906336,0.2476903292553796,-1.0281246169593776,1.0,0.9444444444444444,1.0
discovery,biodolphin_Kd_e1eca46439c9,chemberta,matern32,random,3,0.3090324808620188,0.2431922787500566,-0.8777572001529664,1.0,0.9444444444444444,1.0
discovery,biodolphin_Kd_e1eca46439c9,chemberta,rbf,random,3,0.3090321125899333,0.2431928422112892,-0.8777574856410388,1.0,0.9444444444444444,1.0
discovery,biodolphin_Kd_e1eca46439c9,chemberta,rq,random,3,0.3090326598829591,0.2431919853544746,-0.8777612688529137,1.0,0.9444444444444444,1.0
discovery,biodolphin_Kd_e1eca46439c9,chemberta,tanimoto,greedy,3,0.3118092262210618,0.247672513193829,-0.97805850669147,1.0,0.9444444444444444,1.0
discovery,biodolphin_Kd_e1eca46439c9,chemberta,tanimoto,random,3,0.3089757131547637,0.2431105079434049,-0.8766154507324669,1.0,0.9444444444444444,1.0
discovery,biodolphin_Kd_e1eca46439c9,chemberta,tanimoto,ucb_alternate,3,0.3462548193700255,0.2817313175470139,-1.6294764210521355,1.0,0.9444444444444444,1.0
discovery,biodolphin_Kd_e1eca46439c9,chemberta,tanimoto,ucb_balanced,3,0.3118092262210618,0.247672513193829,-0.97805850669147,1.0,0.9444444444444444,1.0
discovery,biodolphin_Kd_e1eca46439c9,chemberta,tanimoto,ucb_exploit_heavy,3,0.3437846284484546,0.2776183500489124,-1.6023444565502556,1.0,0.9444444444444444,1.0
discovery,biodolphin_Kd_e1eca46439c9,chemberta_mlm,linear,random,3,0.3089959297215405,0.2431224952702803,-0.8773580876758088,1.0,0.9444444444444444,1.0
discovery,biodolphin_Kd_e1eca46439c9,chemberta_mlm,matern32,ei,3,0.298677444686042,0.226565755733209,-1.1031218348803458,1.0,0.9444444444444444,1.0
discovery,biodolphin_Kd_e1eca46439c9,chemberta_mlm,matern32,greedy,3,0.2992962974182783,0.22755301247021,-0.8301245523152586,1.0,0.9444444444444444,1.0
discovery,biodolphin_Kd_e1eca46439c9,chemberta_mlm,matern32,pi,3,0.298677444686042,0.226565755733209,-1.1031218348803458,1.0,0.9444444444444444,1.0
discovery,biodolphin_Kd_e1eca46439c9,chemberta_mlm,matern32,random,3,0.3090365734499161,0.2431870255274393,-0.8778483237258206,1.0,0.9444444444444444,1.0
discovery,biodolphin_Kd_e1eca46439c9,chemberta_mlm,matern32,ucb_alternate,3,0.3070581744749381,0.2169867242120163,-1.3169386356054569,1.0,0.9444444444444444,1.0
discovery,biodolphin_Kd_e1eca46439c9,chemberta_mlm,matern32,ucb_balanced,3,0.2992962974182783,0.22755301247021,-0.8301245523152586,1.0,0.9444444444444444,1.0
discovery,biodolphin_Kd_e1eca46439c9,chemberta_mlm,matern32,ucb_exploit_heavy,3,0.3076328334911697,0.2143859551364699,-1.5717720710207967,1.0,0.9444444444444444,1.0
discovery,biodolphin_Kd_e1eca46439c9,chemberta_mlm,rbf,random,3,0.3090331827556793,0.2431927801534433,-0.8777679416921851,1.0,0.9444444444444444,1.0
discovery,biodolphin_Kd_e1eca46439c9,chemberta_mlm,rq,ei,3,0.296347528653393,0.2228672643677287,-1.0966427206515934,1.0,0.9444444444444444,1.0
discovery,biodolphin_Kd_e1eca46439c9,chemberta_mlm,rq,greedy,3,0.2792127412784674,0.1959795174518207,-0.6754746347582298,1.0,0.9444444444444444,1.0
discovery,biodolphin_Kd_e1eca46439c9,chemberta_mlm,rq,pi,3,0.296347528653393,0.2228672643677287,-1.0966427206515934,1.0,0.9444444444444444,1.0
discovery,biodolphin_Kd_e1eca46439c9,chemberta_mlm,rq,random,3,0.3090145954425478,0.2431968902616288,-0.8776776517939759,1.0,0.9444444444444444,1.0
discovery,biodolphin_Kd_e1eca46439c9,chemberta_mlm,rq,ucb_alternate,3,0.286979462677696,0.1848667099742275,-1.1623231273571275,1.0,0.9444444444444444,1.0
discovery,biodolphin_Kd_e1eca46439c9,chemberta_mlm,rq,ucb_balanced,3,0.296347528653393,0.2228672643677287,-1.0966427206515934,1.0,0.9444444444444444,1.0
discovery,biodolphin_Kd_e1eca46439c9,chemberta_mlm,rq,ucb_exploit_heavy,3,0.3053077946709392,0.2106149111628837,-1.5653295734378634,1.0,0.9444444444444444,1.0
discovery,biodolphin_Kd_e1eca46439c9,chemberta_mlm,tanimoto,random,3,0.3089922955942016,0.2431152625396022,-0.8772501730968955,1.0,0.9444444444444444,1.0
discovery,biodolphin_Kd_e1eca46439c9,ecfp,linear,ei,3,0.5655116098054966,0.1377877793921807,-11.185410797905684,1.0,0.9444444444444444,1.0
discovery,biodolphin_Kd_e1eca46439c9,ecfp,linear,greedy,3,0.5495623480421558,0.1235546130135136,-11.0388280824409,1.0,0.9444444444444444,1.0
discovery,biodolphin_Kd_e1eca46439c9,ecfp,linear,pi,3,0.5655114894325544,0.1377876566192739,-11.185409650113924,1.0,0.9444444444444444,1.0
discovery,biodolphin_Kd_e1eca46439c9,ecfp,linear,random,3,0.5141214645804658,0.1197808497207629,-10.3994285576954,1.0,0.9444444444444444,1.0
discovery,biodolphin_Kd_e1eca46439c9,ecfp,linear,ucb_alternate,3,0.5630415802078964,0.1353126560727665,-11.161805797928936,1.0,0.9444444444444444,1.0
discovery,biodolphin_Kd_e1eca46439c9,ecfp,linear,ucb_balanced,3,0.5387534410758609,0.1166728265911001,-10.945849421276064,1.0,0.9444444444444444,1.0
discovery,biodolphin_Kd_e1eca46439c9,ecfp,linear,ucb_exploit_heavy,3,0.5630447240765931,0.1353157816694057,-11.16181340112721,1.0,0.9444444444444444,1.0
discovery,biodolphin_Kd_e1eca46439c9,ecfp,matern32,ei,3,0.3118229183879203,0.2476996343833127,-0.9780502945098264,1.0,0.9444444444444444,1.0
discovery,biodolphin_Kd_e1eca46439c9,ecfp,matern32,greedy,3,0.3118229183879203,0.2476996343833127,-0.9780502945098264,1.0,0.9444444444444444,1.0
discovery,biodolphin_Kd_e1eca46439c9,ecfp,matern32,pi,3,0.3118229183879203,0.2476996343833127,-0.9780502945098264,1.0,0.9444444444444444,1.0
discovery,biodolphin_Kd_e1eca46439c9,ecfp,matern32,random,3,0.3090330091191296,0.2431919436236151,-0.8777636397520912,1.0,0.9444444444444444,1.0
discovery,biodolphin_Kd_e1eca46439c9,ecfp,matern32,ucb_alternate,3,0.3118225308583802,0.2476990074032005,-0.9780469917403436,1.0,0.9444444444444444,1.0
discovery,biodolphin_Kd_e1eca46439c9,ecfp,matern32,ucb_balanced,3,0.3118229183879203,0.2476996343833127,-0.9780502945098264,1.0,0.9444444444444444,1.0
discovery,biodolphin_Kd_e1eca46439c9,ecfp,matern32,ucb_exploit_heavy,3,0.3118229183879203,0.2476996343833127,-0.9780502945098264,1.0,0.9444444444444444,1.0
discovery,biodolphin_Kd_e1eca46439c9,ecfp,rbf,random,3,0.3090328269414286,0.2431921989375154,-0.8777635190223462,1.0,0.9444444444444444,1.0
discovery,biodolphin_Kd_e1eca46439c9,ecfp,rq,ei,3,0.3226404682587516,0.265286241439404,-1.12125110162206,1.0,0.9444444444444444,1.0
discovery,biodolphin_Kd_e1eca46439c9,ecfp,rq,greedy,3,0.3226404682587516,0.265286241439404,-1.12125110162206,1.0,0.9444444444444444,1.0
discovery,biodolphin_Kd_e1eca46439c9,ecfp,rq,pi,3,0.3226404682587516,0.265286241439404,-1.12125110162206,1.0,0.9444444444444444,1.0
discovery,biodolphin_Kd_e1eca46439c9,ecfp,rq,random,3,0.3090322574488498,0.2431920452865952,-0.8777600129747025,1.0,0.9444444444444444,1.0
discovery,biodolphin_Kd_e1eca46439c9,ecfp,rq,ucb_alternate,3,0.3226408237109684,0.265286822070718,-1.0711594761377732,1.0,0.9444444444444444,1.0
discovery,biodolphin_Kd_e1eca46439c9,ecfp,rq,ucb_balanced,3,0.3226404682587516,0.265286241439404,-1.12125110162206,1.0,0.9444444444444444,1.0
discovery,biodolphin_Kd_e1eca46439c9,ecfp,rq,ucb_exploit_heavy,3,0.3226404682587516,0.265286241439404,-1.12125110162206,1.0,0.9444444444444444,1.0
discovery,biodolphin_Kd_e1eca46439c9,ecfp,tanimoto,greedy,3,0.3118468948665819,0.2475966197442192,-1.0288586650495022,1.0,0.9444444444444444,1.0
discovery,biodolphin_Kd_e1eca46439c9,ecfp,tanimoto,random,3,0.3090335851648322,0.2430826863648215,-0.8777657502680191,1.0,0.9444444444444444,1.0
discovery,biodolphin_Kd_e1eca46439c9,ecfp,tanimoto,ucb_alternate,3,0.338606318978129,0.2913525688785663,-1.3692497546208884,1.0,0.9444444444444444,1.0
discovery,biodolphin_Kd_e1eca46439c9,ecfp,tanimoto,ucb_balanced,3,0.3118468948665819,0.2475966197442192,-1.0288586650495022,1.0,0.9444444444444444,1.0
discovery,biodolphin_Kd_e1eca46439c9,ecfp,tanimoto,ucb_exploit_heavy,3,0.3118490393736488,0.2475902884602461,-1.1296777185632485,1.0,0.9444444444444444,1.0
discovery,biodolphin_Kd_e1eca46439c9,maccs,linear,greedy,3,0.3385974467094209,0.2914389042671549,-1.2180660556861147,1.0,0.9444444444444444,1.0
discovery,biodolphin_Kd_e1eca46439c9,maccs,linear,random,3,0.3090415961048231,0.2431390851594912,-0.8778730845266264,1.0,0.9444444444444444,1.0
discovery,biodolphin_Kd_e1eca46439c9,maccs,linear,ucb_alternate,3,0.3118354764130258,0.2476695013817509,-0.9784289012172508,1.0,0.9444444444444444,1.0
discovery,biodolphin_Kd_e1eca46439c9,maccs,linear,ucb_balanced,3,0.3385974466694231,0.2914389043183618,-1.2682461339382096,1.0,0.9444444444444444,1.0
discovery,biodolphin_Kd_e1eca46439c9,maccs,linear,ucb_exploit_heavy,3,0.311834621712342,0.2476681186279873,-0.9784201669654504,1.0,0.9444444444444444,1.0
discovery,biodolphin_Kd_e1eca46439c9,maccs,matern32,ei,3,0.3527355914803043,0.3149108014790909,-1.4590579387793696,1.0,0.9444444444444444,1.0
discovery,biodolphin_Kd_e1eca46439c9,maccs,matern32,greedy,3,0.3527355914803043,0.3149108014790909,-1.4590579387793696,1.0,0.9444444444444444,1.0
discovery,biodolphin_Kd_e1eca46439c9,maccs,matern32,pi,3,0.3527355914803043,0.3149108014790909,-1.4590579387793696,1.0,0.9444444444444444,1.0
discovery,biodolphin_Kd_e1eca46439c9,maccs,matern32,random,3,0.3739122084014215,0.1705812277829721,-5.966918159563563,1.0,0.9444444444444444,1.0
discovery,biodolphin_Kd_e1eca46439c9,maccs,matern32,ucb_alternate,3,0.4125640122446626,0.250428394893794,-6.504182567325832,1.0,0.9444444444444444,1.0
discovery,biodolphin_Kd_e1eca46439c9,maccs,matern32,ucb_balanced,3,0.3527355914803043,0.3149108014790909,-1.4590579387793696,1.0,0.9444444444444444,1.0
discovery,biodolphin_Kd_e1eca46439c9,maccs,matern32,ucb_exploit_heavy,3,0.4125643136684438,0.2504289169679654,-6.504188571393333,1.0,0.9444444444444444,1.0
discovery,biodolphin_Kd_e1eca46439c9,maccs,rbf,ei,3,0.3982439591928705,0.2260852265882472,-6.241086177470952,1.0,0.9444444444444444,1.0
discovery,biodolphin_Kd_e1eca46439c9,maccs,rbf,greedy,3,0.3982439591928705,0.2260852265882472,-6.241086177470952,1.0,0.9444444444444444,1.0
discovery,biodolphin_Kd_e1eca46439c9,maccs,rbf,pi,3,0.3982439591928705,0.2260852265882472,-6.241086177470952,1.0,0.9444444444444444,1.0
discovery,biodolphin_Kd_e1eca46439c9,maccs,rbf,random,3,0.3736987417763304,0.1707495579321479,-5.93987233502117,1.0,0.9444444444444444,1.0
discovery,biodolphin_Kd_e1eca46439c9,maccs,rbf,ucb_alternate,3,0.3982439591928705,0.2260852265882472,-6.241086177470952,1.0,0.9444444444444444,1.0
discovery,biodolphin_Kd_e1eca46439c9,maccs,rbf,ucb_balanced,3,0.3982439591928705,0.2260852265882472,-6.241086177470952,1.0,0.9444444444444444,1.0
discovery,biodolphin_Kd_e1eca46439c9,maccs,rbf,ucb_exploit_heavy,3,0.3982439591928705,0.2260852265882472,-6.241086177470952,1.0,0.9444444444444444,1.0
discovery,biodolphin_Kd_e1eca46439c9,maccs,rq,ei,3,0.338610993461759,0.2915117080532714,-1.2710376148500604,1.0,0.9444444444444444,1.0
discovery,biodolphin_Kd_e1eca46439c9,maccs,rq,greedy,3,0.338610993461759,0.2915117080532714,-1.2710376148500604,1.0,0.9444444444444444,1.0
discovery,biodolphin_Kd_e1eca46439c9,maccs,rq,pi,3,0.338610993461759,0.2915117080532714,-1.2710376148500604,1.0,0.9444444444444444,1.0
discovery,biodolphin_Kd_e1eca46439c9,maccs,rq,random,3,0.3733752506375971,0.1710058830918954,-5.899088388163282,1.0,0.9444444444444444,1.0
discovery,biodolphin_Kd_e1eca46439c9,maccs,rq,ucb_alternate,3,0.4016354641996272,0.2232768405471268,-6.205180018371433,1.0,0.9444444444444444,1.0
discovery,biodolphin_Kd_e1eca46439c9,maccs,rq,ucb_balanced,3,0.338610993461759,0.2915117080532714,-1.2710376148500604,1.0,0.9444444444444444,1.0
discovery,biodolphin_Kd_e1eca46439c9,maccs,rq,ucb_exploit_heavy,3,0.3980115870560596,0.2263327269430306,-6.209431191469336,1.0,0.9444444444444444,1.0
discovery,biodolphin_Kd_e1eca46439c9,maccs,tanimoto,greedy,3,0.3386020572799413,0.2914187270170068,-1.218360332381659,1.0,0.9444444444444444,1.0
discovery,biodolphin_Kd_e1eca46439c9,maccs,tanimoto,random,3,0.3090386073969395,0.2431124840137838,-0.8778976162244657,1.0,0.9444444444444444,1.0
discovery,biodolphin_Kd_e1eca46439c9,maccs,tanimoto,ucb_alternate,3,0.3475160500221365,0.2801999689013297,-1.6616947805719893,1.0,0.9444444444444444,1.0
discovery,biodolphin_Kd_e1eca46439c9,maccs,tanimoto,ucb_balanced,3,0.3386020572799413,0.2914187270170068,-1.218360332381659,1.0,0.9444444444444444,1.0
discovery,biodolphin_Kd_e1eca46439c9,maccs,tanimoto,ucb_exploit_heavy,3,0.3463298867881894,0.2816698071556031,-1.6280360540383192,1.0,0.9444444444444444,1.0
discovery,biodolphin_Kd_e1eca46439c9,molformer,linear,ei,3,0.3303694544416743,0.2552410758893798,-1.4802948554677722,1.0,0.9444444444444444,1.0
discovery,biodolphin_Kd_e1eca46439c9,molformer,linear,greedy,3,0.31182106777386,0.2476871551284947,-1.1293704724823337,1.0,0.9444444444444444,1.0
discovery,biodolphin_Kd_e1eca46439c9,molformer,linear,random,3,0.3090185060185086,0.2431671743013885,-0.8772941915042655,1.0,0.9444444444444444,1.0
discovery,biodolphin_Kd_e1eca46439c9,molformer,linear,ucb_alternate,3,0.3118209261693557,0.2476869260717552,-1.129371942667307,1.0,0.9444444444444444,1.0
discovery,biodolphin_Kd_e1eca46439c9,molformer,linear,ucb_balanced,3,0.3226378385258884,0.2652722768627608,-1.2224385072482322,1.0,0.9444444444444444,1.0
discovery,biodolphin_Kd_e1eca46439c9,molformer,linear,ucb_exploit_heavy,3,0.3361173185744293,0.2873897294655251,-1.3454973250778934,1.0,0.9444444444444444,1.0
discovery,biodolphin_Kd_e1eca46439c9,molformer,linear,ucb_explore_heavy,3,0.3118212931837143,0.2476875198760525,-1.1293750164560394,1.0,0.9444444444444444,1.0
discovery,biodolphin_Kd_e1eca46439c9,molformer,linear,ucb_gradual,3,0.3226378385258884,0.2652722768627608,-1.2224385072482322,1.0,0.9444444444444444,1.0
discovery,biodolphin_Kd_e1eca46439c9,molformer,linear,ucb_sandwich,3,0.3163646836493344,0.2550538889060791,-1.167776391770188,1.0,0.9444444444444444,1.0
discovery,biodolphin_Kd_e1eca46439c9,molformer,linear,uncertainty,3,0.3361168281615632,0.2873889212951347,-1.345495357109316,1.0,0.9444444444444444,1.0
discovery,biodolphin_Kd_e1eca46439c9,molformer,matern32,ei,3,0.3226404731688809,0.265284646961039,-1.2225647643789177,1.0,0.9444444444444444,1.0
discovery,biodolphin_Kd_e1eca46439c9,molformer,matern32,greedy,3,0.3226404731688809,0.265284646961039,-1.2225647643789177,1.0,0.9444444444444444,1.0
discovery,biodolphin_Kd_e1eca46439c9,molformer,matern32,pi,3,0.3226404731688809,0.265284646961039,-1.2225647643789177,1.0,0.9444444444444444,1.0
discovery,biodolphin_Kd_e1eca46439c9,molformer,matern32,random,3,0.3090789247360388,0.2431297768310895,-0.8782166541583702,1.0,0.9444444444444444,1.0
discovery,biodolphin_Kd_e1eca46439c9,molformer,matern32,ucb_alternate,3,0.316371089365577,0.2550725754253109,-1.016574345599646,1.0,0.9444444444444444,1.0
discovery,biodolphin_Kd_e1eca46439c9,molformer,matern32,ucb_balanced,3,0.3226404731688809,0.265284646961039,-1.2225647643789177,1.0,0.9444444444444444,1.0
discovery,biodolphin_Kd_e1eca46439c9,molformer,matern32,ucb_exploit_heavy,3,0.3304065327123069,0.2552102070788642,-1.4809128426730378,1.0,0.9444444444444444,1.0
discovery,biodolphin_Kd_e1eca46439c9,molformer,rbf,ei,3,0.3385931921221625,0.291480701966559,-1.2177327198084076,1.0,0.9444444444444444,1.0
discovery,biodolphin_Kd_e1eca46439c9,molformer,rbf,greedy,3,0.3385931921221625,0.291480701966559,-1.2177327198084076,1.0,0.9444444444444444,1.0
discovery,biodolphin_Kd_e1eca46439c9,molformer,rbf,pi,3,0.3385931921221625,0.291480701966559,-1.2177327198084076,1.0,0.9444444444444444,1.0
discovery,biodolphin_Kd_e1eca46439c9,molformer,rbf,random,3,0.3092677202820988,0.2428747386131469,-0.8805810765179567,1.0,0.9444444444444444,1.0
discovery,biodolphin_Kd_e1eca46439c9,molformer,rbf,ucb_alternate,3,0.3385931921233784,0.2914807019650023,-1.2177327173312416,1.0,0.9444444444444444,1.0
discovery,biodolphin_Kd_e1eca46439c9,molformer,rbf,ucb_balanced,3,0.3385931921221625,0.291480701966559,-1.2177327198084076,1.0,0.9444444444444444,1.0
discovery,biodolphin_Kd_e1eca46439c9,molformer,rbf,ucb_exploit_heavy,3,0.3463588549597388,0.281684067649015,-1.6274789778700758,1.0,0.9444444444444444,1.0
discovery,biodolphin_Kd_e1eca46439c9,molformer,rq,ei,3,0.3385954452242514,0.2914764091829227,-1.3690903619243315,1.0,0.9444444444444444,1.0
discovery,biodolphin_Kd_e1eca46439c9,molformer,rq,greedy,3,0.3385954452242514,0.2914764091829227,-1.3690903619243315,1.0,0.9444444444444444,1.0
discovery,biodolphin_Kd_e1eca46439c9,molformer,rq,pi,3,0.3385954452242514,0.2914764091829227,-1.3690903619243315,1.0,0.9444444444444444,1.0
discovery,biodolphin_Kd_e1eca46439c9,molformer,rq,random,3,0.3090339915142167,0.2431872999542708,-0.8777701784057973,1.0,0.9444444444444444,1.0
discovery,biodolphin_Kd_e1eca46439c9,molformer,rq,ucb_alternate,3,0.3385954058171265,0.2914763889241754,-1.2176908446315895,1.0,0.9444444444444444,1.0
discovery,biodolphin_Kd_e1eca46439c9,molformer,rq,ucb_balanced,3,0.3385954452242514,0.2914764091829227,-1.3690903619243315,1.0,0.9444444444444444,1.0
discovery,biodolphin_Kd_e1eca46439c9,molformer,rq,ucb_exploit_heavy,3,0.3463518497588295,0.2816913013153579,-1.6273541491679595,1.0,0.9444444444444444,1.0
discovery,biodolphin_Kd_e1eca46439c9,molformer,tanimoto,greedy,3,0.3118199173162017,0.2476780223869954,-0.9781598460696443,1.0,0.9444444444444444,1.0
discovery,biodolphin_Kd_e1eca46439c9,molformer,tanimoto,random,3,0.3090105205507735,0.2431498894404628,-0.877101887128292,1.0,0.9444444444444444,1.0
discovery,biodolphin_Kd_e1eca46439c9,molformer,tanimoto,ucb_alternate,3,0.3463011951587152,0.2817259589078301,-1.6301409035319865,1.0,0.9444444444444444,1.0
discovery,biodolphin_Kd_e1eca46439c9,molformer,tanimoto,ucb_balanced,3,0.3118199173162017,0.2476780223869954,-0.9781598460696443,1.0,0.9444444444444444,1.0
discovery,biodolphin_Kd_e1eca46439c9,molformer,tanimoto,ucb_exploit_heavy,3,0.3438278035162163,0.2776163171645567,-1.60651897882189,1.0,0.9444444444444444,1.0
prediction,biodolphin_Ki,ecfp,linear,uncertainty,3,0.4293788045368973,0.0441963914610061,0.8461192189921869,0.542651546008675,0.3193274308458564,1.0
discovery,biodolphin_Ki,chemberta,linear,greedy,3,0.6894716320297615,0.0583355014856179,0.6664057326174562,1.0,0.8639091474264154,1.0
discovery,biodolphin_Ki,chemberta,linear,ucb_exploit_heavy,3,0.5536962449219385,0.0617709315111202,0.7869634070831085,1.0,0.8639091474264154,1.0
prediction,traak_a_Kd1,maccs,rbf,ucb_explore_heavy,3,0.1278622454976307,0.0406419364740832,-0.2165144254453928,0.6666666666666666,0.3333333333333333,1.0
discovery,traak_a_Kd1,molformer,linear,ucb_sandwich,3,0.2461918643751368,0.0593257540409893,-1.7650123636590105,1.0,0.6666666666666666,1.0
prediction,traak_b_Kd1,maccs,matern32,ucb_alternate,3,0.1571086654448733,0.0616407839177534,-0.2653085372467157,0.3333333333333333,0.0277777777777777,1.0
discovery,traak_b_Kd1,molformer,linear,ucb_sandwich,3,0.1902834840169817,0.0927614270534567,-0.8159725555816063,1.0,0.611111111111111,1.0
