round,labelled,test_mae,test_r2,top10pct_recall,dataset,method,seed
5,64,1.0766138210269063,0.321308555693934,0.10144927536231885,biodolphin_Kd,random,7
5,64,1.5639864917545667,-0.343328450154869,0.391304347826087,biodolphin_Kd,greedy,7
5,64,1.339447820690646,-0.019134293805662672,0.014492753623188406,biodolphin_Kd,uncertainty,7
5,64,1.6179612239305767,-0.4254885633800707,0.4492753623188406,biodolphin_Kd,ei,7
5,64,1.2439585546938352,0.16759247593909465,0.057971014492753624,biodolphin_Kd,thompson,7
5,64,1.1635917172001147,0.26437072310452214,0.11594202898550725,biodolphin_Kd,thompson_diverse,7
5,64,1.2911293802288206,0.19125569360291095,0.043478260869565216,biodolphin_Kd,random,19
5,64,1.9364839390219355,-0.8915868252913508,0.5507246376811594,biodolphin_Kd,greedy,19
5,64,1.338116610066468,0.11123709880273824,0.014492753623188406,biodolphin_Kd,uncertainty,19
5,64,1.849673548823044,-0.7463276086515953,0.4927536231884058,biodolphin_Kd,ei,19
5,64,1.2303583285614164,0.21243020186466288,0.15942028985507245,biodolphin_Kd,thompson,19
5,64,1.2714091483543266,0.20047915435216068,0.057971014492753624,biodolphin_Kd,thompson_diverse,19
5,64,1.2145925898603562,0.2497564614074107,0.057971014492753624,biodolphin_Kd,random,42
5,64,1.9319057175136765,-0.9260661093072706,0.5797101449275363,biodolphin_Kd,greedy,42
5,64,1.3349683339136664,0.10046841516325855,0.028985507246376812,biodolphin_Kd,uncertainty,42
5,64,1.9058847496862181,-0.8784877297747713,0.5652173913043478,biodolphin_Kd,ei,42
5,64,1.2453631154783755,0.19670652915327624,0.14492753623188406,biodolphin_Kd,thompson,42
5,64,1.2526396725146833,0.18701406538515297,0.14492753623188406,biodolphin_Kd,thompson_diverse,42
5,64,1.3973940381766112,0.24195917794826194,0.20454545454545456,biodolphin_Ki,random,7
5,64,2.2215008047999176,-0.8945701161755144,0.5,biodolphin_Ki,greedy,7
5,64,1.3358188845754835,0.3087638132219048,0.1590909090909091,biodolphin_Ki,uncertainty,7
5,64,2.0768630780905895,-0.659780300681492,0.4772727272727273,biodolphin_Ki,ei,7
5,64,1.4025005580345231,0.2098938917176575,0.3181818181818182,biodolphin_Ki,thompson,7
5,64,1.4246725177975148,0.19112387307483658,0.2727272727272727,biodolphin_Ki,thompson_diverse,7
5,64,1.2241842960023328,0.34211820334546195,0.11363636363636363,biodolphin_Ki,random,19
5,64,1.8360081354462128,-0.5972531195729185,0.5227272727272727,biodolphin_Ki,greedy,19
5,64,1.2904880967820862,0.3659672061822311,0.13636363636363635,biodolphin_Ki,uncertainty,19
5,64,1.7451308968172696,-0.47373564230075926,0.45454545454545453,biodolphin_Ki,ei,19
5,64,1.2545263673947622,0.19502194348060797,0.25,biodolphin_Ki,thompson,19
5,64,1.2812952761794045,0.16826871371115526,0.29545454545454547,biodolphin_Ki,thompson_diverse,19
5,64,1.2600782287653578,0.3539151786904301,0.06818181818181818,biodolphin_Ki,random,42
5,64,2.064230560894752,-0.7048727213325421,0.29545454545454547,biodolphin_Ki,greedy,42
5,64,1.2801166195896692,0.32383374600740145,0.045454545454545456,biodolphin_Ki,uncertainty,42
5,64,2.0176684599508996,-0.6412710182853636,0.36363636363636365,biodolphin_Ki,ei,42
5,64,1.4117101549720081,0.1886097538605387,0.09090909090909091,biodolphin_Ki,thompson,42
5,64,1.3865397112985627,0.24005667715221302,0.045454545454545456,biodolphin_Ki,thompson_diverse,42
4,8,0.44351841497519234,-10.071436970244207,1.0,traak_a_Kd1,random,7
4,8,0.4210752762543451,-8.941567691860925,1.0,traak_a_Kd1,greedy,7
4,8,0.38196152902007885,-7.240776496096888,1.0,traak_a_Kd1,uncertainty,7
4,8,0.38196152902007885,-7.240776496096888,1.0,traak_a_Kd1,ei,7
4,8,0.4210752762543451,-8.941567691860925,1.0,traak_a_Kd1,thompson,7
4,8,0.4210752762543451,-8.941567691860925,1.0,traak_a_Kd1,thompson_diverse,7
4,8,0.1975692395794327,-0.593097961894357,1.0,traak_a_Kd1,random,19
4,8,0.14920204398473982,0.0809090287971399,0.0,traak_a_Kd1,greedy,19
4,8,0.14953432451650528,0.08305321234442253,0.0,traak_a_Kd1,uncertainty,19
4,8,0.08442089073548598,0.7182495552310405,1.0,traak_a_Kd1,ei,19
4,8,0.1959420839242393,-0.5717062658036238,1.0,traak_a_Kd1,thompson,19
4,8,0.1959420839242393,-0.5717062658036238,1.0,traak_a_Kd1,thompson_diverse,19
4,8,0.1375988381938642,0.3033140834462593,1.0,traak_a_Kd1,random,42
4,8,0.1615325789367,0.11291716338743008,1.0,traak_a_Kd1,greedy,42
4,8,0.09237429913552624,0.6808649347434707,1.0,traak_a_Kd1,uncertainty,42
4,8,0.1588284385393779,0.11371839484443946,1.0,traak_a_Kd1,ei,42
4,8,0.1588284385393782,0.11371839484443491,1.0,traak_a_Kd1,thompson,42
4,8,0.1588284385393782,0.11371839484443491,1.0,traak_a_Kd1,thompson_diverse,42
4,8,0.23433202517696886,-0.9743693375191804,1.0,traak_b_Kd1,random,7
4,8,0.21262388242499183,-0.9009521818778756,1.0,traak_b_Kd1,greedy,7
4,8,0.2227155054694346,-0.9035986764511952,1.0,traak_b_Kd1,uncertainty,7
4,8,0.2227155054694346,-0.9035986764511952,1.0,traak_b_Kd1,ei,7
4,8,0.18945081491102625,-0.4692363794103871,1.0,traak_b_Kd1,thompson,7
4,8,0.18945081491102625,-0.4692363794103871,1.0,traak_b_Kd1,thompson_diverse,7
4,8,0.23381209459881447,0.08960096022269515,1.0,traak_b_Kd1,random,19
4,8,0.21041562936993655,0.2131035628627983,1.0,traak_b_Kd1,greedy,19
4,8,0.1440000099922214,0.7370691031198696,0.0,traak_b_Kd1,uncertainty,19
4,8,0.2030214465775456,0.28062961826626376,1.0,traak_b_Kd1,ei,19
4,8,0.23620577402038467,0.05230749160357273,1.0,traak_b_Kd1,thompson,19
4,8,0.23620577402038467,0.05230749160357273,1.0,traak_b_Kd1,thompson_diverse,19
4,8,0.21583503142088034,-5.325579167447374,1.0,traak_b_Kd1,random,42
4,8,0.22827394591780012,-8.762547870382038,1.0,traak_b_Kd1,greedy,42
4,8,0.2051394461909656,-4.886959703710582,1.0,traak_b_Kd1,uncertainty,42
4,8,0.222192690209542,-8.473122404195214,1.0,traak_b_Kd1,ei,42
4,8,0.22972343433223585,-8.735258439387422,1.0,traak_b_Kd1,thompson,42
4,8,0.22972343433223585,-8.735258439387422,1.0,traak_b_Kd1,thompson_diverse,42
4,8,0.5518148859783971,0.09041553100833855,1.0,biodolphin_Kd_889201f64e9f,random,7
4,8,0.6059398397422724,-0.07336090555887953,1.0,biodolphin_Kd_889201f64e9f,greedy,7
4,8,0.5298890849104101,-0.3494404025706912,0.0,biodolphin_Kd_889201f64e9f,uncertainty,7
4,8,0.5298890849104101,-0.3494404025706912,0.0,biodolphin_Kd_889201f64e9f,ei,7
4,8,0.5298890849104101,-0.3494404025706912,0.0,biodolphin_Kd_889201f64e9f,thompson,7
4,8,0.5298890849104101,-0.3494404025706912,0.0,biodolphin_Kd_889201f64e9f,thompson_diverse,7
4,8,0.6922244709744008,-14.686390237245542,1.0,biodolphin_Kd_889201f64e9f,random,19
4,8,0.7018986559321729,-15.074777289521318,1.0,biodolphin_Kd_889201f64e9f,greedy,19
4,8,0.41809839107541125,-6.108337754125867,0.0,biodolphin_Kd_889201f64e9f,uncertainty,19
4,8,0.7018986559321734,-15.074777289521332,1.0,biodolphin_Kd_889201f64e9f,ei,19
4,8,0.6922244709744008,-14.686390237245542,1.0,biodolphin_Kd_889201f64e9f,thompson,19
4,8,0.6922244709744008,-14.686390237245542,1.0,biodolphin_Kd_889201f64e9f,thompson_diverse,19
4,8,0.7210734529257454,-6.409574818253017,1.0,biodolphin_Kd_889201f64e9f,random,42
4,8,0.8333753187672572,-8.554231160277654,1.0,biodolphin_Kd_889201f64e9f,greedy,42
4,8,0.8326443590308505,-8.513365566584927,1.0,biodolphin_Kd_889201f64e9f,uncertainty,42
4,8,0.8333753187672572,-8.554231160277654,1.0,biodolphin_Kd_889201f64e9f,ei,42
4,8,0.8333753187672572,-8.554231160277654,1.0,biodolphin_Kd_889201f64e9f,thompson,42
4,8,0.8333753187672572,-8.554231160277654,1.0,biodolphin_Kd_889201f64e9f,thompson_diverse,42
4,8,0.23816030741873018,-12.917336806572926,0.0,biodolphin_Kd_e1eca46439c9,random,7
4,8,0.3504901668343656,-21.333033584895198,1.0,biodolphin_Kd_e1eca46439c9,greedy,7
4,8,0.23816030741873018,-12.917336806572926,0.0,biodolphin_Kd_e1eca46439c9,uncertainty,7
4,8,0.3504901668343656,-21.333033584895198,1.0,biodolphin_Kd_e1eca46439c9,ei,7
4,8,0.41231332461920855,-23.504347075407942,1.0,biodolphin_Kd_e1eca46439c9,thompson,7
4,8,0.41231332461920855,-23.504347075407942,1.0,biodolphin_Kd_e1eca46439c9,thompson_diverse,7
4,8,0.49174517236607995,-1.5876529774084132,1.0,biodolphin_Kd_e1eca46439c9,random,19
4,8,0.5152854658369193,-2.5045625080775347,1.0,biodolphin_Kd_e1eca46439c9,greedy,19
4,8,0.5152854658369193,-2.5045625080775347,1.0,biodolphin_Kd_e1eca46439c9,uncertainty,19
4,8,0.5152854658369193,-2.5045625080775347,1.0,biodolphin_Kd_e1eca46439c9,ei,19
4,8,0.4871700088542923,-1.6135001534302384,1.0,biodolphin_Kd_e1eca46439c9,thompson,19
4,8,0.4871700088542923,-1.6135001534302384,1.0,biodolphin_Kd_e1eca46439c9,thompson_diverse,19
4,8,0.536930130938662,-4.201414309933388,1.0,biodolphin_Kd_e1eca46439c9,random,42
4,8,0.5663198274980066,-4.686195403137587,1.0,biodolphin_Kd_e1eca46439c9,greedy,42
4,8,0.5369301309386616,-4.201414309933377,1.0,biodolphin_Kd_e1eca46439c9,uncertainty,42
4,8,0.5415062133506492,-4.288458427636948,1.0,biodolphin_Kd_e1eca46439c9,ei,42
4,8,0.5663198274980066,-4.686195403137587,1.0,biodolphin_Kd_e1eca46439c9,thompson,42
4,8,0.5663198274980066,-4.686195403137587,1.0,biodolphin_Kd_e1eca46439c9,thompson_diverse,42
