dataset,method,mae_mean,mae_sd,recall_mean,recall_sd,r2_mean,labelled
biodolphin_Kd,ei,1.791173174146613,0.15261621653301466,0.5024154589371981,0.05857176643952723,-0.683434633935479,64
biodolphin_Kd,greedy,1.8107920494300596,0.2137521403464253,0.5072463768115942,0.10144927536231885,-0.7203271282511635,64
biodolphin_Kd,random,1.1941119303720278,0.10871441645308669,0.0676328502415459,0.030169072456030913,0.25410690356808524,64
biodolphin_Kd,thompson,1.239893332911209,0.008287365607495021,0.12077294685990338,0.05486867966956786,0.19224306898567792,64
biodolphin_Kd,thompson_diverse,1.2292135126897081,0.05759981196394894,0.10628019323671496,0.04427609367107092,0.2172879809472786,64
biodolphin_Kd,uncertainty,1.3375109215569267,0.0023003465769805137,0.01932367149758454,0.008367395205646751,0.06419040672011138,64
biodolphin_Kd_889201f64e9f,ei,0.6883876865366135,0.15219357166338876,0.6666666666666666,0.5773502691896258,-7.992816284123226,8
biodolphin_Kd_889201f64e9f,greedy,0.7137379381472342,0.11417902930204381,1.0,0.0,-7.900789785119284,8
biodolphin_Kd_889201f64e9f,random,0.6550376032928478,0.09054978170731001,1.0,0.0,-7.00184984149674,8
biodolphin_Kd_889201f64e9f,thompson,0.6851629582173561,0.15186629730446008,0.6666666666666666,0.5773502691896258,-7.863353933364628,8
biodolphin_Kd_889201f64e9f,thompson_diverse,0.6851629582173561,0.15186629730446008,0.6666666666666666,0.5773502691896258,-7.863353933364628,8
biodolphin_Kd_889201f64e9f,uncertainty,0.5935439450055573,0.21447854390900645,0.3333333333333333,0.5773502691896258,-4.990381241093829,8
biodolphin_Kd_e1eca46439c9,ei,0.469093948673978,0.103547210006057,1.0,0.0,-9.375351506869894,8
biodolphin_Kd_e1eca46439c9,greedy,0.4773651533897638,0.11280103358397485,1.0,0.0,-9.50793049870344,8
biodolphin_Kd_e1eca46439c9,random,0.4222785369078241,0.16104366470914175,0.6666666666666666,0.5773502691896258,-6.235468031304909,8
biodolphin_Kd_e1eca46439c9,thompson,0.48860105365716916,0.07701322385902427,1.0,0.0,-9.934680877325256,8
biodolphin_Kd_e1eca46439c9,thompson_diverse,0.48860105365716916,0.07701322385902427,1.0,0.0,-9.934680877325256,8
biodolphin_Kd_e1eca46439c9,uncertainty,0.4301253013981037,0.16659844557188197,0.6666666666666666,0.5773502691896258,-6.541104541527946,8
biodolphin_Ki,ei,1.9465541449529196,0.17693076151792442,0.4318181818181818,0.060130711615104346,-0.5915956537558716,64
biodolphin_Ki,greedy,2.0405798337136276,0.19383154336564568,0.4393939393939394,0.12517205789286592,-0.7322319856936583,64
biodolphin_Ki,random,1.293885520981434,0.09141992917989694,0.12878787878787878,0.06943296507508849,0.3126641866613847,64
biodolphin_Ki,thompson,1.3562456934670977,0.088211791396589,0.2196969696969697,0.11662730544197462,0.19784186301960138,64
biodolphin_Ki,thompson_diverse,1.3641691684251607,0.07426028039835646,0.20454545454545456,0.13824460296132315,0.19981642131273494,64
biodolphin_Ki,uncertainty,1.3021412003157462,0.029623161506026428,0.11363636363636363,0.06013071161510432,0.3328549218038458,64
traak_a_Kd1,ei,0.20840361943164756,0.15484147305575685,1.0,0.0,-2.1362695153404694,8
traak_a_Kd1,greedy,0.24393663305859495,0.15353040320397074,0.6666666666666666,0.5773502691896258,-2.9159138332254515,8
traak_a_Kd1,random,0.2595621642494964,0.1621081086694243,1.0,0.0,-3.453740282897435,8
traak_a_Kd1,thompson,0.25861526623932085,0.1419129902757307,1.0,0.0,-3.1331851876067045,8
traak_a_Kd1,thompson_diverse,0.25861526623932085,0.1419129902757307,1.0,0.0,-3.1331851876067045,8
traak_a_Kd1,uncertainty,0.2079567175573701,0.1533788542613295,0.6666666666666666,0.5773502691896258,-2.158952783002998,8
traak_b_Kd1,ei,0.21597654741884073,0.011222491359100648,1.0,0.0,-3.0320304874600486,8
traak_b_Kd1,greedy,0.21710448590424283,0.009735847324944634,1.0,0.0,-3.150132163132372,8
traak_b_Kd1,random,0.22799305039888787,0.010532362083299192,1.0,0.0,-2.0701158482479527,8
traak_b_Kd1,thompson,0.2184600077545489,0.025330912617445377,1.0,0.0,-3.0507291090647457,8
traak_b_Kd1,thompson_diverse,0.2184600077545489,0.025330912617445377,1.0,0.0,-3.0507291090647457,8
traak_b_Kd1,uncertainty,0.19061832055087388,0.04131803025856014,0.6666666666666666,0.5773502691896258,-1.6844964256806358,8
