round,phase,row_index,selected,predicted_mean_pK,latent_sd_pK,observation_sd_pK,acquisition_score,acquisition_rank
2,E,3,True,5.050246907692203,0.043547508909573464,0.04485730406956858,0.04485730406956858,1
2,E,0,False,5.050246907692203,0.043547508909573464,0.04485730406956858,0.04485730406956858,2
2,E,7,False,5.050246907692203,0.043547508909573464,0.04485730406956858,0.04485730406956858,3
2,E,12,False,5.050246907692203,0.043547508909573464,0.04485730406956858,0.04485730406956858,4
2,E,5,False,5.050246907692203,0.043547508909573464,0.04485730406956858,0.04485730406956858,5
2,E,2,False,5.050246907692203,0.043547508909573464,0.04485730406956858,0.04485730406956858,6
2,E,4,False,5.050246907692203,0.043547508909573464,0.04485730406956858,0.04485730406956858,7
2,E,14,False,5.050246907692203,0.043547508909573464,0.04485730406956858,0.04485730406956858,8
2,E,1,False,5.050345432028069,0.04354739745592945,0.04485719587028423,0.04485719587028423,11
2,E,13,False,5.050246907692203,0.043547508909573464,0.04485730406956858,0.04485730406956858,9
2,E,8,False,5.050246907692203,0.043547508909573464,0.04485730406956858,0.04485730406956858,10
4,E,0,True,4.9176562184619055,0.18547640700119122,0.1910550521698024,0.1910550521698024,1
4,E,7,False,4.9176562184619055,0.18547640700119122,0.1910550521698024,0.1910550521698024,2
4,E,12,False,4.9176562184619055,0.18547640700119122,0.1910550521698024,0.1910550521698024,3
4,E,5,False,4.9176562184619055,0.18547640700119122,0.1910550521698024,0.1910550521698024,4
4,E,2,False,4.9176562184619055,0.18547640700119122,0.1910550521698024,0.1910550521698024,5
4,E,4,False,4.9176562184619055,0.18547640700119122,0.1910550521698024,0.1910550521698024,6
4,E,14,False,4.9176562184619055,0.18547640700119122,0.1910550521698024,0.1910550521698024,7
4,E,1,False,4.918045964255637,0.18547593230075585,0.1910545913302503,0.1910545913302503,10
4,E,13,False,4.9176562184619055,0.18547640700119122,0.1910550521698024,0.1910550521698024,8
4,E,8,False,4.9176562184619055,0.18547640700119122,0.1910550521698024,0.1910550521698024,9
5,E,7,True,5.158098681044967,0.43503822394137365,0.4481230357801977,0.4481230357801977,1
5,E,12,False,5.158098681044967,0.43503822394137365,0.4481230357801977,0.4481230357801977,2
5,E,5,False,5.158098681044967,0.43503822394137365,0.4481230357801977,0.4481230357801977,3
5,E,2,False,5.158098681044967,0.43503822394137365,0.4481230357801977,0.4481230357801977,4
5,E,4,False,5.158098681044967,0.43503822394137365,0.4481230357801977,0.4481230357801977,5
5,E,14,False,5.158098681044967,0.43503822394137365,0.4481230357801977,0.4481230357801977,6
5,E,1,False,5.157960320341233,0.4350371105230276,0.4481219548728008,0.4481219548728008,9
5,E,13,False,5.158098681044967,0.43503822394137365,0.4481230357801977,0.4481230357801977,7
5,E,8,False,5.158098681044967,0.43503822394137365,0.4481230357801977,0.4481230357801977,8
7,E,12,True,5.100133831314624,0.4050591354709163,0.4172422547453917,0.4172422547453917,1
7,E,5,False,5.100133831314624,0.4050591354709163,0.4172422547453917,0.4172422547453917,2
7,E,2,False,5.100133831314624,0.4050591354709163,0.4172422547453917,0.4172422547453917,3
7,E,4,False,5.100133831314624,0.4050591354709163,0.4172422547453917,0.4172422547453917,4
7,E,14,False,5.100133831314624,0.4050591354709163,0.4172422547453917,0.4172422547453917,5
7,E,1,False,5.100122784286845,0.40505809877977555,0.4172412483248254,0.4172412483248254,8
7,E,13,False,5.100133831314624,0.4050591354709163,0.4172422547453917,0.4172422547453917,6
7,E,8,False,5.100133831314624,0.4050591354709163,0.4172422547453917,0.4172422547453917,7
9,X,5,False,5.060728577709701,0.37953196423364777,0.39094729296918856,5.060728577709701,2
9,X,2,False,5.060728577709701,0.37953196423364777,0.39094729296918856,5.060728577709701,3
9,X,4,False,5.060728577709701,0.37953196423364777,0.39094729296918856,5.060728577709701,4
9,X,14,False,5.060728577709701,0.37953196423364777,0.39094729296918856,5.060728577709701,5
9,X,1,True,5.060804080163405,0.3795309928756645,0.3909463499741023,5.060804080163405,1
9,X,13,False,5.060728577709701,0.37953196423364777,0.39094729296918856,5.060728577709701,6
9,X,8,False,5.060728577709701,0.37953196423364777,0.39094729296918856,5.060728577709701,7
10,X,5,True,5.090993243562607,0.3587011919930886,0.3694899983699992,5.090993243562607,1
10,X,2,False,5.090993243562607,0.3587011919930886,0.3694899983699992,5.090993243562607,2
10,X,4,False,5.090993243562607,0.3587011919930886,0.3694899983699992,5.090993243562607,3
10,X,14,False,5.090993243562607,0.3587011919930886,0.3694899983699992,5.090993243562607,4
10,X,13,False,5.090993243562607,0.3587011919930886,0.3694899983699992,5.090993243562607,5
10,X,8,False,5.090993243562607,0.3587011919930886,0.3694899983699992,5.090993243562607,6
