cycle,labelled,unqueried,explained,background,phase,additivity_error,model_fit_round,top10
0,60,631,100,50,initial,3.552713678800501e-15,0,"[1917, 3612, 2128, 2437, 3108, 2855, 1274, 3786, 2742, 2698]"
1,90,601,100,50,E,5.329070518200751e-15,1,"[1917, 3612, 3108, 2437, 2128, 2855, 2742, 1274, 2698, 2974]"
2,120,571,100,50,E,5.329070518200751e-15,2,"[3612, 1917, 3108, 2437, 2855, 2128, 1274, 2742, 3786, 2974]"
3,150,541,100,50,E,7.105427357601002e-15,3,"[1917, 3612, 2855, 2437, 3108, 2742, 2128, 2362, 2974, 1380]"
4,180,511,100,50,E,5.329070518200751e-15,4,"[1917, 2855, 3612, 3108, 2437, 2742, 2128, 3786, 1380, 2698]"
5,210,481,100,50,E,7.105427357601002e-15,5,"[1917, 3612, 2855, 2437, 656, 3108, 3786, 2974, 1274, 3798]"
6,240,451,100,50,E,1.509903313490213e-14,6,"[1917, 2855, 2437, 3612, 656, 3108, 2974, 1380, 3786, 1274]"
7,270,421,100,50,E,3.552713678800501e-14,7,"[1917, 2855, 3612, 2437, 3108, 656, 2974, 1380, 2698, 3786]"
8,300,391,100,50,X,3.197442310920451e-14,8,"[1917, 2855, 3612, 2437, 3108, 2974, 656, 1380, 3786, 1274]"
9,330,361,100,50,X,2.6645352591003757e-15,9,"[2855, 1917, 3612, 2437, 3108, 2974, 2362, 656, 2128, 1380]"
10,360,331,100,50,X,4.440892098500626e-15,10,"[1917, 2437, 3612, 2855, 3108, 2974, 656, 2362, 1380, 3067]"
