row_index,feature_group,shap_pK,repeat_abs_difference_pK
8,MACCS bit 104,-4.948315263070269e-06,1.2685341277407503e-08
8,MACCS bit 43,-1.3537642393368632e-05,3.787224422957536e-09
8,MACCS bit 95,-1.3972647697119145e-05,5.2006341177968096e-08
8,MACCS bit 111,-1.3955192330605826e-05,2.0158686719895513e-08
8,MACCS bit 149,1.0081416981500002e-06,8.362538994610702e-10
8,MACCS bit 158,-1.4020142980741834e-05,5.306171202423826e-08
8,MACCS bit 161,-1.3984744665601623e-05,6.68013139248913e-09
8,MACCS bit 84,-1.072560607612294e-05,2.39213375774483e-08
8,MACCS bit 100,-1.3374080623185236e-05,3.848823593166628e-09
8,MACCS bit 151,-1.0743733694196234e-05,3.7131975938464734e-08
8,MACCS bit 30,9.428386893439722e-07,2.8531262907804944e-09
8,MACCS bit 49,9.444097048560973e-07,7.283425529358567e-10
8,MACCS bit 54,5.545027319808771e-07,2.4387486474708453e-10
8,MACCS bit 69,1.097855635706635e-06,1.2183894448902777e-09
8,MACCS bit 74,9.42918031238138e-07,3.864077668946919e-09
8,MACCS bit 82,-8.725099074818887e-06,3.355101590996057e-08
8,MACCS bit 85,9.456772070426389e-07,1.6192345242416195e-09
8,MACCS bit 86,9.451708359309308e-07,1.3802499143622526e-09
8,MACCS bit 90,1.099836271695187e-06,9.135951439809276e-10
8,MACCS bit 91,-8.715151485233497e-06,3.7989818346684245e-08
8,Remaining lipid bits (joint),6.512752965953661e-06,2.20558366015311e-09
8,Protein descriptors (joint),0.0,0.0
4,MACCS bit 104,-5.596625914344733e-06,3.929846059680386e-09
4,MACCS bit 43,-1.3804755386426226e-05,1.7960739562283834e-09
4,MACCS bit 95,8.024658632088677e-06,4.162395872420177e-09
4,MACCS bit 111,8.017934628679058e-06,8.65201066346799e-09
4,MACCS bit 149,1.4001676320041234e-06,2.2795977328016193e-09
4,MACCS bit 158,8.018700226902764e-06,1.364189150532269e-09
4,MACCS bit 161,8.026372675662419e-06,1.211871758499683e-08
4,MACCS bit 84,3.651644983254654e-06,1.429208806857929e-09
4,MACCS bit 100,4.277692403270583e-06,4.777817586010258e-10
4,MACCS bit 151,3.645086063347458e-06,1.3514495356137246e-08
4,MACCS bit 30,1.1712852827916453e-06,7.390266343332286e-09
4,MACCS bit 49,1.1705775906367677e-06,6.7629755129416935e-09
4,MACCS bit 54,-6.878825958345214e-06,2.118083508584334e-08
4,MACCS bit 69,1.1937647011461827e-06,3.297764727960839e-09
4,MACCS bit 74,1.1677316314739894e-06,4.645255236024326e-09
4,MACCS bit 82,-1.0271002220785252e-05,6.94332535911002e-09
4,MACCS bit 85,1.1724709800264854e-06,2.407879895471865e-09
4,MACCS bit 86,1.1743474126746367e-06,1.5147893661637823e-08
4,MACCS bit 90,1.1940321840986368e-06,2.317225911152576e-09
4,MACCS bit 91,1.2784944791177644e-06,2.384440422886769e-10
4,Remaining lipid bits (joint),7.817923137726224e-06,1.698379664683003e-08
4,Protein descriptors (joint),0.0,0.0
14,MACCS bit 104,5.5635481314708635e-06,8.527732964225265e-09
14,MACCS bit 43,-1.4029345302563057e-05,7.472583662959664e-11
14,MACCS bit 95,8.185849391550981e-06,3.124293546097334e-08
14,MACCS bit 111,8.186539127624792e-06,1.094755358588273e-08
14,MACCS bit 149,1.5050233320157425e-06,4.1438907860680274e-10
14,MACCS bit 158,8.179850891160134e-06,9.725562022389056e-10
14,MACCS bit 161,8.18756819176425e-06,1.728815546275797e-08
14,MACCS bit 84,3.656686026198841e-06,6.564375598649974e-09
14,MACCS bit 100,4.40676790544603e-06,1.0413538975573289e-08
14,MACCS bit 151,3.652544237897626e-06,7.079052122271889e-09
14,MACCS bit 30,1.2470208859138854e-06,3.941095172432796e-09
14,MACCS bit 49,1.248929753339123e-06,1.3699986811666065e-08
14,MACCS bit 54,8.302759745559829e-07,5.81131309740357e-10
14,MACCS bit 69,1.266690943496629e-06,9.682407264843818e-09
14,MACCS bit 74,1.2415406628329961e-06,4.0236607379284806e-09
14,MACCS bit 82,1.2881155618815754e-06,9.230921138581039e-09
14,MACCS bit 85,1.2562075560607067e-06,1.3012697197556378e-08
14,MACCS bit 86,1.2434663005100877e-06,8.482440472246111e-09
14,MACCS bit 90,1.2649301484313202e-06,7.165433246747455e-10
14,MACCS bit 91,1.2894834936494348e-06,1.7355142878372476e-09
14,Remaining lipid bits (joint),-1.3445100392583953e-05,1.0970568120605151e-08
14,Protein descriptors (joint),0.0,0.0
