dataset,kernel,comparison,first,second,top10_jaccard,active_bit_spearman
biodolphin_Kd,rbf,permutation_repeat,"(7, 0)","(7, 1)",1.0,0.99746683767775
biodolphin_Kd,rbf,background,"(7, 0)","(19, 0)",0.42857142857142855,0.47483626016660346
biodolphin_Kd,rbf,background,"(7, 0)","(42, 0)",0.8181818181818182,0.37180728110377165
biodolphin_Kd,rbf,background,"(7, 1)","(19, 1)",0.42857142857142855,0.4758137020726855
biodolphin_Kd,rbf,background,"(7, 1)","(42, 1)",0.6666666666666666,0.3718537349593465
biodolphin_Kd,rbf,permutation_repeat,"(19, 0)","(19, 1)",1.0,0.9991332290864422
biodolphin_Kd,rbf,background,"(19, 0)","(42, 0)",0.42857142857142855,0.5111024346721541
biodolphin_Kd,rbf,background,"(19, 1)","(42, 1)",0.3333333333333333,0.5111298215551366
biodolphin_Kd,rbf,permutation_repeat,"(42, 0)","(42, 1)",0.8181818181818182,0.9985941790418097
biodolphin_Kd,matern32,permutation_repeat,"(7, 0)","(7, 1)",1.0,0.9879450722490656
biodolphin_Kd,matern32,background,"(7, 0)","(19, 0)",0.8181818181818182,0.41515620286022237
biodolphin_Kd,matern32,background,"(7, 0)","(42, 0)",0.8181818181818182,0.46185686126245873
biodolphin_Kd,matern32,background,"(7, 1)","(19, 1)",0.8181818181818182,0.4147716969363705
biodolphin_Kd,matern32,background,"(7, 1)","(42, 1)",0.8181818181818182,0.4628718622097783
biodolphin_Kd,matern32,permutation_repeat,"(19, 0)","(19, 1)",1.0,0.9962920403817069
biodolphin_Kd,matern32,background,"(19, 0)","(42, 0)",0.8181818181818182,0.4952910515181216
biodolphin_Kd,matern32,background,"(19, 1)","(42, 1)",0.8181818181818182,0.49455430115773646
biodolphin_Kd,matern32,permutation_repeat,"(42, 0)","(42, 1)",1.0,0.9954938165448723
biodolphin_Ki,rbf,permutation_repeat,"(7, 0)","(7, 1)",1.0,0.9999301401348314
biodolphin_Ki,rbf,background,"(7, 0)","(19, 0)",0.8181818181818182,0.3473936166765723
biodolphin_Ki,rbf,background,"(7, 0)","(42, 0)",1.0,0.34824602015830214
biodolphin_Ki,rbf,background,"(7, 1)","(19, 1)",0.8181818181818182,0.34739473954251565
biodolphin_Ki,rbf,background,"(7, 1)","(42, 1)",1.0,0.3482456004820518
biodolphin_Ki,rbf,permutation_repeat,"(19, 0)","(19, 1)",1.0,0.9999589636142128
biodolphin_Ki,rbf,background,"(19, 0)","(42, 0)",0.8181818181818182,0.27629038223858265
biodolphin_Ki,rbf,background,"(19, 1)","(42, 1)",0.8181818181818182,0.27629198818291445
biodolphin_Ki,rbf,permutation_repeat,"(42, 0)","(42, 1)",1.0,0.9999776367524155
biodolphin_Ki,matern32,permutation_repeat,"(7, 0)","(7, 1)",1.0,0.9999212903453178
biodolphin_Ki,matern32,background,"(7, 0)","(19, 0)",0.6666666666666666,0.5648718793733046
biodolphin_Ki,matern32,background,"(7, 0)","(42, 0)",0.5384615384615384,0.22883744754489435
biodolphin_Ki,matern32,background,"(7, 1)","(19, 1)",0.6666666666666666,0.5648780257819208
biodolphin_Ki,matern32,background,"(7, 1)","(42, 1)",0.5384615384615384,0.22883078719346392
biodolphin_Ki,matern32,permutation_repeat,"(19, 0)","(19, 1)",1.0,0.9999458124016238
biodolphin_Ki,matern32,background,"(19, 0)","(42, 0)",0.6666666666666666,0.27113473135444355
biodolphin_Ki,matern32,background,"(19, 1)","(42, 1)",0.6666666666666666,0.2711266868540126
biodolphin_Ki,matern32,permutation_repeat,"(42, 0)","(42, 1)",1.0,0.999946272843298
