bit,mean_abs_shap
0,0.0
1,0.0
2,0.0
3,0.0
4,0.0
5,0.0
6,8.063595846596883e-09
7,7.536532675711527e-09
8,0.0
9,0.0
10,0.0
11,0.0
12,0.0
13,1.5117087581728583e-09
14,0.0
15,0.0
16,0.0
17,0.0
18,0.0
19,0.0
20,0.0
21,0.0
22,0.0
23,0.0
24,0.0
25,0.0
26,0.0
27,0.0
28,0.0
29,8.601448608924755e-09
30,0.0
31,8.017368047230633e-09
32,0.0
33,0.0
34,0.0
35,8.388008676529779e-09
36,0.0
37,0.0
38,0.0
39,0.0
40,0.0
41,2.022489653530357e-08
42,6.753591352826049e-09
43,0.0
44,0.0
45,0.0
46,0.0
47,0.0
48,3.6368140166054275e-09
49,0.0
50,0.0
51,0.0
52,0.0
53,0.0
54,0.0
55,1.6149826476130613e-09
56,0.0
57,0.0
58,0.0
59,3.6447872497902267e-10
60,0.0
61,0.0
62,0.0
63,0.0
64,0.0
65,0.0
66,0.0
67,0.0
68,0.0
69,0.0
70,0.0
71,0.0
72,0.0
73,0.0
74,0.0
75,0.0
76,0.0
77,4.177008738892596e-10
78,0.0
79,0.0
80,0.0
81,0.0
82,0.0
83,0.0
84,0.0
85,0.0
86,0.0
87,0.0
88,3.106837787036909e-09
89,0.0
90,0.0
91,0.0
92,0.0
93,0.0
94,0.0
95,1.529701865177202e-09
96,0.0
97,0.0
98,0.0
99,0.0
100,2.106501417742379e-09
101,0.0
102,2.195032711149736e-09
103,0.0
104,0.0
105,1.6432926075449217e-08
106,0.0
107,1.090225409949852e-09
108,0.0
109,0.0
110,0.0
111,0.0
112,0.0
113,0.0
114,0.0
115,0.0
116,0.0
117,0.0
118,0.0
119,0.0
120,0.0
121,0.0
122,0.0
123,0.0
124,0.0
125,0.0
126,0.0
127,0.0
128,0.0
129,0.0
130,0.0
131,0.0
132,0.0
133,0.0
134,0.0
135,0.0
136,0.0
137,0.0
138,0.0
139,0.0
140,0.0
141,0.0
142,0.0
143,0.0
144,0.0
145,1.4849743656952796e-10
146,0.0
147,2.152684863698795e-09
148,0.0
149,1.2858655806802233e-09
150,0.0
151,0.0
152,0.0
153,0.0
154,0.0
155,1.7132018026444484e-11
156,0.0
157,0.0
158,0.0
159,0.0
160,0.0
161,0.0
162,0.0
163,0.0
164,0.0
165,0.0
166,0.0
167,0.0
168,0.0
169,0.0
170,0.0
171,8.324204325838025e-09
172,0.0
173,1.6175281114527706e-09
174,0.0
175,0.0
176,0.0
177,0.0
178,0.0
179,0.0
180,0.0
181,0.0
182,0.0
183,0.0
184,0.0
185,0.0
186,0.0
187,2.434920598481938e-10
188,0.0
189,4.0790559818759675e-10
190,0.0
191,4.511909068583009e-09
192,0.0
193,0.0
194,0.0
195,0.0
196,0.0
197,4.5311914220746985e-09
198,0.0
199,0.0
200,0.0
201,0.0
202,0.0
203,0.0
204,0.0
205,0.0
206,0.0
207,0.0
208,0.0
209,0.0
210,0.0
211,0.0
212,5.9722227163661046e-12
213,0.0
214,5.32956956345032e-10
215,0.0
216,2.1938206806737526e-09
217,0.0
218,0.0
219,0.0
220,1.6367835975472644e-09
221,0.0
222,0.0
223,0.0
224,0.0
225,0.0
226,1.2541124805309778e-09
227,0.0
228,0.0
229,0.0
230,0.0
231,3.2143852080057655e-08
232,0.0
233,0.0
234,0.0
235,0.0
236,0.0
237,0.0
238,0.0
239,1.712435748757457e-11
240,3.2055186283130865e-10
241,0.0
242,3.6945010273292667e-08
243,0.0
244,0.0
245,0.0
246,0.0
247,1.758441114940723e-09
248,1.5898947158810017e-09
249,1.1999868876344522e-09
250,0.0
251,0.0
252,0.0
253,0.0
254,0.0
255,0.0
256,0.0
257,0.0
258,0.0
259,2.444079105767827e-09
260,0.0
261,0.0
262,0.0
263,0.0
264,0.0
265,0.0
266,2.732970072472085e-09
267,0.0
268,0.0
269,0.0
270,0.0
271,0.0
272,0.0
273,0.0
274,0.0
275,0.0
276,0.0
277,0.0
278,0.0
279,0.0
280,0.0
281,0.0
282,0.0
283,5.596523244832952e-12
284,0.0
285,0.0
286,0.0
287,0.0
288,0.0
289,0.0
290,8.069494905615926e-09
291,0.0
292,0.0
293,7.305900162624113e-09
294,0.0
295,0.0
296,0.0
297,0.0
298,8.070339674315363e-09
299,0.0
300,0.0
301,0.0
302,0.0
303,3.805594728234496e-10
304,0.0
305,0.0
306,0.0
307,0.0
308,8.558517561318979e-09
309,0.0
310,0.0
311,0.0
312,0.0
313,0.0
314,0.0
315,0.0
316,0.0
317,0.0
318,0.0
319,0.0
320,0.0
321,0.0
322,1.6795694834925712e-09
323,0.0
324,0.0
325,0.0
326,0.0
327,0.0
328,0.0
329,0.0
330,0.0
331,0.0
332,0.0
333,0.0
334,0.0
335,0.0
336,0.0
337,0.0
338,0.0
339,0.0
340,0.0
341,0.0
342,0.0
343,3.1859681004497986e-09
344,7.343957886263297e-09
345,0.0
346,0.0
347,0.0
348,8.069339363370176e-09
349,0.0
350,0.0
351,0.0
352,0.0
353,0.0
354,0.0
355,0.0
356,0.0
357,0.0
358,0.0
359,0.0
360,0.0
361,0.0
362,0.0
363,0.0
364,0.0
365,0.0
366,0.0
367,0.0
368,0.0
369,0.0
370,1.0601293731760109e-09
371,0.0
372,0.0
373,0.0
374,1.4811979420770172e-10
375,0.0
376,0.0
377,0.0
378,2.8243531402516453e-09
379,0.0
380,0.0
381,0.0
382,0.0
383,0.0
384,0.0
385,0.0
386,0.0
387,0.0
388,0.0
389,4.458366065218655e-09
390,0.0
391,0.0
392,0.0
393,0.0
394,0.0
395,0.0
396,0.0
397,0.0
398,0.0
399,0.0
400,9.087020691467274e-09
401,3.9408809549001944e-11
402,7.326827367037936e-09
403,0.0
404,0.0
405,0.0
406,0.0
407,0.0
408,0.0
409,0.0
410,0.0
411,0.0
412,0.0
413,0.0
414,0.0
415,0.0
416,0.0
417,0.0
418,0.0
419,0.0
420,0.0
421,0.0
422,1.8645305854825267e-09
423,0.0
424,0.0
425,0.0
426,0.0
427,0.0
428,0.0
429,0.0
430,0.0
431,0.0
432,1.9000266915369934e-09
433,0.0
434,0.0
435,0.0
436,0.0
437,0.0
438,0.0
439,1.0507329395448295e-08
440,0.0
441,8.309752885793387e-10
442,0.0
443,0.0
444,1.183351583389225e-09
445,0.0
446,0.0
447,0.0
448,0.0
449,0.0
450,0.0
451,0.0
452,0.0
453,0.0
454,0.0
455,0.0
456,0.0
457,0.0
458,0.0
459,2.3986286845634197e-09
460,6.894089188413943e-09
461,0.0
462,7.256029666002917e-10
463,0.0
464,0.0
465,0.0
466,0.0
467,0.0
468,0.0
469,0.0
470,0.0
471,0.0
472,0.0
473,0.0
474,0.0
475,0.0
476,0.0
477,0.0
478,0.0
479,0.0
480,0.0
481,8.069139523225743e-09
482,0.0
483,0.0
484,0.0
485,0.0
486,1.124884074776844e-10
487,0.0
488,0.0
489,0.0
490,0.0
491,0.0
492,0.0
493,0.0
494,0.0
495,0.0
496,0.0
497,0.0
498,0.0
499,0.0
500,0.0
501,0.0
502,0.0
503,0.0
504,5.712430528603818e-12
505,0.0
506,0.0
507,0.0
508,0.0
509,0.0
510,0.0
511,0.0
512,0.0
513,0.0
514,0.0
515,0.0
516,1.9813781726440993e-09
517,0.0
518,0.0
519,2.8817773056744045e-08
520,0.0
521,1.6314834483388552e-09
522,0.0
523,0.0
524,0.0
525,0.0
526,0.0
527,0.0
528,0.0
529,2.1341625133786124e-09
530,0.0
531,9.602862616198138e-09
532,0.0
533,0.0
534,0.0
535,0.0
536,0.0
537,0.0
538,0.0
539,0.0
540,0.0
541,0.0
542,4.0188485872505453e-10
543,0.0
544,0.0
545,0.0
546,0.0
547,2.2085103745794754e-09
548,0.0
549,0.0
550,9.40502065116533e-10
551,0.0
552,0.0
553,0.0
554,2.0910435882814937e-08
555,0.0
556,0.0
557,0.0
558,0.0
559,0.0
560,0.0
561,2.0439072101474665e-08
562,9.365714037645745e-09
563,0.0
564,0.0
565,0.0
566,0.0
567,0.0
568,0.0
569,0.0
570,0.0
571,0.0
572,0.0
573,0.0
574,0.0
575,0.0
576,0.0
577,0.0
578,0.0
579,0.0
580,0.0
581,1.1379495290508856e-08
582,0.0
583,0.0
584,0.0
585,0.0
586,0.0
587,0.0
588,3.6167507877493676e-10
589,0.0
590,4.968296329899147e-10
591,0.0
592,0.0
593,0.0
594,0.0
595,0.0
596,0.0
597,6.771530725036001e-09
598,0.0
599,0.0
600,0.0
601,0.0
602,0.0
603,1.662425752613217e-11
604,0.0
605,0.0
606,0.0
607,4.08434952525738e-11
608,0.0
609,4.7133741354343783e-11
610,2.025163581276246e-08
611,0.0
612,0.0
613,8.07147881864978e-09
614,0.0
615,0.0
616,0.0
617,0.0
618,1.482903855265505e-09
619,0.0
620,0.0
621,0.0
622,2.840324409003614e-08
623,0.0
624,0.0
625,0.0
626,0.0
627,0.0
628,0.0
629,0.0
630,0.0
631,0.0
632,0.0
633,0.0
634,0.0
635,2.2148372025299068e-10
636,0.0
637,0.0
638,0.0
639,0.0
640,0.0
641,0.0
642,0.0
643,0.0
644,0.0
645,0.0
646,0.0
647,0.0
648,0.0
649,0.0
650,0.0
651,0.0
652,0.0
653,0.0
654,0.0
655,9.792527344565372e-09
656,1.924946502196434e-08
657,0.0
658,0.0
659,0.0
660,0.0
661,0.0
662,0.0
663,0.0
664,5.670963698634068e-12
665,0.0
666,0.0
667,0.0
668,4.402906150779984e-09
669,0.0
670,0.0
671,0.0
672,0.0
673,0.0
674,0.0
675,0.0
676,0.0
677,2.0515544818522358e-10
678,0.0
679,6.499003057935937e-09
680,3.53086504478739e-10
681,0.0
682,0.0
683,0.0
684,0.0
685,0.0
686,0.0
687,0.0
688,0.0
689,0.0
690,0.0
691,0.0
692,0.0
693,1.5243558637578758e-09
694,0.0
695,1.0168473119076538e-08
696,0.0
697,0.0
698,0.0
699,6.237693694899349e-10
700,0.0
701,0.0
702,0.0
703,2.203052740235023e-10
704,0.0
705,0.0
706,0.0
707,0.0
708,0.0
709,0.0
710,4.909409490050365e-09
711,0.0
712,0.0
713,0.0
714,0.0
715,1.2061355303405463e-08
716,0.0
717,0.0
718,0.0
719,0.0
720,0.0
721,0.0
722,0.0
723,0.0
724,5.77254910538727e-12
725,1.3961045652877146e-09
726,0.0
727,0.0
728,0.0
729,0.0
730,0.0
731,0.0
732,0.0
733,0.0
734,0.0
735,0.0
736,0.0
737,0.0
738,0.0
739,0.0
740,0.0
741,0.0
742,0.0
743,0.0
744,0.0
745,0.0
746,0.0
747,0.0
748,1.0056654398127307e-08
749,0.0
750,1.5312139445278206e-08
751,0.0
752,0.0
753,0.0
754,0.0
755,0.0
756,0.0
757,0.0
758,1.2211531785766283e-10
759,0.0
760,0.0
761,0.0
762,0.0
763,0.0
764,0.0
765,0.0
766,5.048866880130731e-10
767,2.3470151933047134e-08
768,3.1053964955063407e-10
769,0.0
770,0.0
771,0.0
772,0.0
773,0.0
774,0.0
775,0.0
776,0.0
777,0.0
778,0.0
779,0.0
780,0.0
781,0.0
782,0.0
783,0.0
784,0.0
785,0.0
786,0.0
787,2.280662936282596e-09
788,0.0
789,0.0
790,0.0
791,0.0
792,0.0
793,0.0
794,0.0
795,2.3968160789422654e-11
796,0.0
797,0.0
798,1.3402296217268628e-08
799,0.0
800,5.52567269718196e-10
801,0.0
802,0.0
803,0.0
804,0.0
805,0.0
806,0.0
807,4.010333398696275e-09
808,0.0
809,0.0
810,0.0
811,0.0
812,0.0
813,0.0
814,0.0
815,1.186382692086596e-08
816,0.0
817,0.0
818,0.0
819,0.0
820,0.0
821,0.0
822,0.0
823,0.0
824,0.0
825,0.0
826,0.0
827,0.0
828,0.0
829,0.0
830,0.0
831,0.0
832,0.0
833,0.0
834,0.0
835,0.0
836,0.0
837,0.0
838,0.0
839,0.0
840,0.0
841,2.0859264315831183e-08
842,0.0
843,0.0
844,0.0
845,2.6332874769607884e-10
846,0.0
847,0.0
848,0.0
849,0.0
850,0.0
851,0.0
852,0.0
853,0.0
854,0.0
855,0.0
856,0.0
857,7.648022104511654e-09
858,0.0
859,1.483149159042796e-10
860,0.0
861,0.0
862,0.0
863,0.0
864,0.0
865,0.0
866,0.0
867,0.0
868,9.740459494533837e-09
869,0.0
870,0.0
871,0.0
872,0.0
873,0.0
874,8.445755206309968e-11
875,1.3415815680595244e-08
876,8.429520470532026e-09
877,2.328686754538012e-08
878,0.0
879,1.1795124044144956e-08
880,0.0
881,0.0
882,0.0
883,0.0
884,0.0
885,1.1169289992896125e-08
886,0.0
887,0.0
888,7.826561621016026e-10
889,0.0
890,0.0
891,0.0
892,0.0
893,0.0
894,0.0
895,0.0
896,0.0
897,0.0
898,0.0
899,0.0
900,0.0
901,0.0
902,0.0
903,0.0
904,0.0
905,0.0
906,1.4830403571863826e-10
907,0.0
908,0.0
909,0.0
910,4.904845196662677e-09
911,0.0
912,0.0
913,0.0
914,0.0
915,0.0
916,0.0
917,0.0
918,0.0
919,0.0
920,0.0
921,0.0
922,1.0905802094729466e-08
923,0.0
924,0.0
925,0.0
926,0.0
927,0.0
928,0.0
929,0.0
930,0.0
931,0.0
932,0.0
933,0.0
934,0.0
935,0.0
936,0.0
937,1.1526327781119505e-08
938,0.0
939,0.0
940,0.0
941,1.7978341593227753e-09
942,0.0
943,0.0
944,0.0
945,0.0
946,0.0
947,0.0
948,0.0
949,0.0
950,0.0
951,0.0
952,0.0
953,1.570375940396218e-09
954,0.0
955,1.3800643960948378e-10
956,0.0
957,0.0
958,0.0
959,0.0
960,0.0
961,4.877732107111399e-10
962,0.0
963,0.0
964,0.0
965,0.0
966,8.707869980639771e-10
967,1.5501671057904787e-09
968,0.0
969,0.0
970,0.0
971,0.0
972,0.0
973,0.0
974,0.0
975,0.0
976,1.612830369257523e-09
977,8.079941105076927e-09
978,1.6073489761403437e-09
979,0.0
980,0.0
981,0.0
982,0.0
983,0.0
984,0.0
985,0.0
986,0.0
987,0.0
988,0.0
989,0.0
990,0.0
991,0.0
992,0.0
993,0.0
994,0.0
995,0.0
996,0.0
997,0.0
998,0.0
999,0.0
1000,0.0
1001,0.0
1002,0.0
1003,0.0
1004,0.0
1005,0.0
1006,0.0
1007,0.0
1008,0.0
1009,0.0
1010,0.0
1011,0.0
1012,0.0
1013,0.0
1014,0.0
1015,0.0
1016,0.0
1017,0.0
1018,0.0
1019,0.0
1020,0.0
1021,0.0
1022,0.0
1023,0.0
1024,0.0
1025,0.0
1026,0.0
1027,2.997915299340903e-08
1028,1.1658790322055523e-08
1029,0.0
1030,0.0
1031,0.0
1032,0.0
1033,0.0
1034,0.0
1035,5.371314504287739e-12
1036,0.0
1037,0.0
1038,0.0
1039,7.778762023402663e-09
1040,0.0
1041,0.0
1042,0.0
1043,1.0523148463725818e-08
1044,0.0
1045,0.0
1046,4.232677042192989e-09
1047,0.0
1048,0.0
1049,0.0
1050,0.0
1051,0.0
1052,1.0631337532540641e-08
1053,0.0
1054,0.0
1055,0.0
1056,0.0
1057,0.0
1058,0.0
1059,0.0
1060,0.0
1061,0.0
1062,0.0
1063,0.0
1064,0.0
1065,0.0
1066,0.0
1067,0.0
1068,0.0
1069,0.0
1070,2.4606971182894455e-08
1071,0.0
1072,0.0
1073,0.0
1074,0.0
1075,1.272771332772038e-10
1076,3.099919765325865e-10
1077,0.0
1078,0.0
1079,0.0
1080,0.0
1081,0.0
1082,0.0
1083,0.0
1084,4.1122549809813336e-11
1085,0.0
1086,0.0
1087,0.0
1088,1.0814922846158481e-09
1089,0.0
1090,6.224648574360003e-11
1091,0.0
1092,0.0
1093,0.0
1094,0.0
1095,0.0
1096,0.0
1097,0.0
1098,0.0
1099,8.607963841722466e-09
1100,0.0
1101,0.0
1102,0.0
1103,0.0
1104,0.0
1105,0.0
1106,0.0
1107,0.0
1108,0.0
1109,0.0
1110,0.0
1111,8.006850737984905e-11
1112,0.0
1113,0.0
1114,0.0
1115,0.0
1116,0.0
1117,0.0
1118,0.0
1119,0.0
1120,0.0
1121,0.0
1122,4.501321926309032e-09
1123,0.0
1124,0.0
1125,8.069267753985088e-09
1126,2.2016678480341056e-09
1127,0.0
1128,0.0
1129,0.0
1130,0.0
1131,0.0
1132,0.0
1133,0.0
1134,0.0
1135,0.0
1136,2.219756378707416e-09
1137,0.0
1138,3.947903948198217e-09
1139,0.0
1140,0.0
1141,0.0
1142,1.2017397021946152e-08
1143,0.0
1144,0.0
1145,0.0
1146,1.7708058352994271e-09
1147,0.0
1148,0.0
1149,0.0
1150,0.0
1151,0.0
1152,0.0
1153,1.2193111020852854e-08
1154,3.3464549575867863e-08
1155,0.0
1156,0.0
1157,0.0
1158,0.0
1159,0.0
1160,0.0
1161,0.0
1162,3.932474590406798e-08
1163,2.6089116422767233e-09
1164,0.0
1165,0.0
1166,1.4846868179319017e-10
1167,0.0
1168,0.0
1169,0.0
1170,0.0
1171,0.0
1172,0.0
1173,0.0
1174,0.0
1175,0.0
1176,4.122418462149113e-09
1177,0.0
1178,0.0
1179,0.0
1180,0.0
1181,0.0
1182,0.0
1183,2.7343177722016776e-10
1184,0.0
1185,0.0
1186,0.0
1187,0.0
1188,0.0
1189,0.0
1190,0.0
1191,0.0
1192,8.404605345013749e-10
1193,0.0
1194,0.0
1195,0.0
1196,0.0
1197,0.0
1198,0.0
1199,0.0
1200,0.0
1201,0.0
1202,0.0
1203,0.0
1204,0.0
1205,0.0
1206,0.0
1207,0.0
1208,0.0
1209,0.0
1210,0.0
1211,0.0
1212,0.0
1213,0.0
1214,0.0
1215,0.0
1216,0.0
1217,0.0
1218,0.0
1219,0.0
1220,3.1130811262158886e-09
1221,0.0
1222,0.0
1223,0.0
1224,0.0
1225,0.0
1226,0.0
1227,0.0
1228,0.0
1229,0.0
1230,0.0
1231,0.0
1232,0.0
1233,0.0
1234,0.0
1235,0.0
1236,1.8516873590002092e-08
1237,0.0
1238,0.0
1239,0.0
1240,0.0
1241,0.0
1242,0.0
1243,0.0
1244,0.0
1245,0.0
1246,0.0
1247,0.0
1248,0.0
1249,4.468155845316346e-09
1250,0.0
1251,0.0
1252,0.0
1253,0.0
1254,0.0
1255,0.0
1256,1.6451843998233073e-08
1257,5.129759395039457e-08
1258,0.0
1259,4.5034920237441156e-11
1260,0.0
1261,0.0
1262,0.0
1263,0.0
1264,0.0
1265,0.0
1266,0.0
1267,1.453727022093787e-08
1268,0.0
1269,0.0
1270,0.0
1271,0.0
1272,0.0
1273,0.0
1274,4.122476504608841e-08
1275,3.2625176449307958e-09
1276,0.0
1277,0.0
1278,1.0057438215582692e-10
1279,2.30764013453566e-09
1280,2.443396929230346e-09
1281,0.0
1282,0.0
1283,0.0
1284,0.0
1285,0.0
1286,1.2324695042309486e-08
1287,2.811674393310426e-09
1288,1.2120752179711758e-09
1289,0.0
1290,0.0
1291,1.01059679513682e-08
1292,2.3346784283617694e-08
1293,0.0
1294,0.0
1295,2.629635398321284e-11
1296,0.0
1297,0.0
1298,2.106776531007881e-09
1299,0.0
1300,0.0
1301,0.0
1302,0.0
1303,2.024445611148451e-10
1304,0.0
1305,0.0
1306,0.0
1307,0.0
1308,0.0
1309,2.5643613621451067e-08
1310,0.0
1311,0.0
1312,0.0
1313,2.5583198448586586e-08
1314,0.0
1315,0.0
1316,0.0
1317,0.0
1318,0.0
1319,0.0
1320,3.267036918774835e-09
1321,0.0
1322,0.0
1323,0.0
1324,9.095188491237138e-09
1325,7.916100264182546e-08
1326,0.0
1327,0.0
1328,0.0
1329,0.0
1330,0.0
1331,0.0
1332,0.0
1333,0.0
1334,0.0
1335,0.0
1336,0.0
1337,0.0
1338,5.70060665339156e-12
1339,0.0
1340,0.0
1341,0.0
1342,0.0
1343,0.0
1344,0.0
1345,0.0
1346,0.0
1347,0.0
1348,0.0
1349,0.0
1350,0.0
1351,0.0
1352,0.0
1353,2.9320046390779453e-10
1354,0.0
1355,0.0
1356,0.0
1357,0.0
1358,0.0
1359,0.0
1360,0.0
1361,0.0
1362,1.2265288784618633e-10
1363,0.0
1364,0.0
1365,3.804231374360256e-09
1366,4.636236783372993e-09
1367,0.0
1368,0.0
1369,0.0
1370,0.0
1371,0.0
1372,0.0
1373,0.0
1374,0.0
1375,0.0
1376,0.0
1377,0.0
1378,0.0
1379,0.0
1380,2.3320195385867493e-08
1381,0.0
1382,0.0
1383,0.0
1384,0.0
1385,0.0
1386,1.1426810109238517e-08
1387,0.0
1388,0.0
1389,0.0
1390,5.686173754071433e-12
1391,0.0
1392,0.0
1393,0.0
1394,0.0
1395,0.0
1396,0.0
1397,0.0
1398,0.0
1399,6.205349678545247e-09
1400,0.0
1401,0.0
1402,0.0
1403,0.0
1404,0.0
1405,8.83852013799924e-09
1406,0.0
1407,0.0
1408,0.0
1409,0.0
1410,8.069470147642477e-09
1411,0.0
1412,0.0
1413,0.0
1414,0.0
1415,0.0
1416,0.0
1417,0.0
1418,0.0
1419,0.0
1420,2.7366797716865676e-10
1421,0.0
1422,0.0
1423,0.0
1424,0.0
1425,0.0
1426,0.0
1427,0.0
1428,0.0
1429,0.0
1430,0.0
1431,1.0165734143363636e-08
1432,0.0
1433,0.0
1434,0.0
1435,0.0
1436,0.0
1437,0.0
1438,0.0
1439,0.0
1440,0.0
1441,0.0
1442,0.0
1443,0.0
1444,1.0955758467101617e-08
1445,0.0
1446,0.0
1447,0.0
1448,0.0
1449,0.0
1450,2.187883429982662e-09
1451,0.0
1452,0.0
1453,0.0
1454,0.0
1455,0.0
1456,0.0
1457,0.0
1458,2.6671612141093703e-09
1459,0.0
1460,0.0
1461,0.0
1462,0.0
1463,0.0
1464,0.0
1465,0.0
1466,0.0
1467,0.0
1468,0.0
1469,0.0
1470,0.0
1471,0.0
1472,0.0
1473,0.0
1474,4.126121666558902e-11
1475,0.0
1476,0.0
1477,2.3767872447955085e-08
1478,2.935394205483277e-09
1479,0.0
1480,4.060894398527637e-10
1481,0.0
1482,5.190058383064411e-10
1483,0.0
1484,0.0
1485,0.0
1486,1.9647328208804993e-10
1487,0.0
1488,0.0
1489,0.0
1490,0.0
1491,0.0
1492,0.0
1493,0.0
1494,0.0
1495,0.0
1496,8.686649732858598e-10
1497,3.973983198068964e-09
1498,0.0
1499,0.0
1500,1.7232944515832571e-09
1501,0.0
1502,0.0
1503,0.0
1504,0.0
1505,0.0
1506,0.0
1507,0.0
1508,0.0
1509,0.0
1510,0.0
1511,0.0
1512,0.0
1513,8.67360494538616e-09
1514,0.0
1515,0.0
1516,0.0
1517,0.0
1518,0.0
1519,0.0
1520,0.0
1521,0.0
1522,0.0
1523,0.0
1524,4.560707367318173e-11
1525,0.0
1526,0.0
1527,0.0
1528,0.0
1529,0.0
1530,0.0
1531,0.0
1532,0.0
1533,0.0
1534,0.0
1535,0.0
1536,2.3199014931307715e-10
1537,0.0
1538,0.0
1539,0.0
1540,8.559938091678987e-09
1541,0.0
1542,0.0
1543,0.0
1544,0.0
1545,1.305975327881015e-10
1546,0.0
1547,0.0
1548,0.0
1549,0.0
1550,0.0
1551,0.0
1552,0.0
1553,0.0
1554,0.0
1555,0.0
1556,0.0
1557,4.081647797526955e-10
1558,0.0
1559,0.0
1560,0.0
1561,0.0
1562,0.0
1563,0.0
1564,0.0
1565,0.0
1566,0.0
1567,0.0
1568,0.0
1569,0.0
1570,0.0
1571,0.0
1572,0.0
1573,0.0
1574,8.248129956811567e-11
1575,5.556555215946446e-12
1576,0.0
1577,0.0
1578,0.0
1579,0.0
1580,7.536639090588437e-10
1581,0.0
1582,0.0
1583,0.0
1584,0.0
1585,0.0
1586,0.0
1587,0.0
1588,0.0
1589,0.0
1590,0.0
1591,0.0
1592,0.0
1593,0.0
1594,0.0
1595,0.0
1596,0.0
1597,0.0
1598,0.0
1599,0.0
1600,0.0
1601,0.0
1602,0.0
1603,1.162903051632469e-09
1604,0.0
1605,0.0
1606,0.0
1607,0.0
1608,0.0
1609,0.0
1610,0.0
1611,0.0
1612,0.0
1613,0.0
1614,0.0
1615,0.0
1616,0.0
1617,0.0
1618,0.0
1619,0.0
1620,0.0
1621,0.0
1622,0.0
1623,0.0
1624,0.0
1625,0.0
1626,0.0
1627,0.0
1628,8.070858814601678e-09
1629,0.0
1630,0.0
1631,0.0
1632,0.0
1633,0.0
1634,0.0
1635,0.0
1636,0.0
1637,0.0
1638,0.0
1639,0.0
1640,0.0
1641,1.1467705673950945e-09
1642,0.0
1643,0.0
1644,0.0
1645,0.0
1646,0.0
1647,0.0
1648,0.0
1649,0.0
1650,0.0
1651,0.0
1652,0.0
1653,0.0
1654,0.0
1655,0.0
1656,0.0
1657,0.0
1658,0.0
1659,0.0
1660,1.1457820525695439e-08
1661,0.0
1662,0.0
1663,0.0
1664,0.0
1665,0.0
1666,0.0
1667,0.0
1668,0.0
1669,0.0
1670,4.968828681839454e-10
1671,2.3860429465560884e-08
1672,0.0
1673,0.0
1674,0.0
1675,0.0
1676,0.0
1677,0.0
1678,0.0
1679,0.0
1680,0.0
1681,0.0
1682,0.0
1683,1.8254098232972638e-10
1684,0.0
1685,0.0
1686,0.0
1687,0.0
1688,0.0
1689,0.0
1690,7.632315779382282e-09
1691,0.0
1692,0.0
1693,1.7744785640871896e-09
1694,0.0
1695,0.0
1696,0.0
1697,3.094979827977795e-09
1698,0.0
1699,0.0
1700,3.4000999238337215e-09
1701,0.0
1702,9.943750767238413e-09
1703,0.0
1704,0.0
1705,0.0
1706,0.0
1707,0.0
1708,0.0
1709,0.0
1710,7.557746095621098e-10
1711,0.0
1712,0.0
1713,0.0
1714,0.0
1715,0.0
1716,0.0
1717,0.0
1718,6.602815127987327e-09
1719,0.0
1720,1.4847223450686897e-10
1721,0.0
1722,1.0630236191300213e-08
1723,0.0
1724,0.0
1725,0.0
1726,0.0
1727,0.0
1728,0.0
1729,0.0
1730,0.0
1731,0.0
1732,0.0
1733,1.0266890171362064e-08
1734,0.0
1735,0.0
1736,0.0
1737,2.643490037979035e-09
1738,0.0
1739,0.0
1740,0.0
1741,0.0
1742,2.3168366114489913e-09
1743,0.0
1744,0.0
1745,0.0
1746,0.0
1747,1.443413444324193e-09
1748,0.0
1749,0.0
1750,0.0
1751,0.0
1752,0.0
1753,0.0
1754,0.0
1755,0.0
1756,0.0
1757,0.0
1758,0.0
1759,0.0
1760,0.0
1761,0.0
1762,0.0
1763,0.0
1764,3.616557164853873e-09
1765,1.2694401085866502e-10
1766,0.0
1767,3.3142100175354017e-10
1768,0.0
1769,0.0
1770,0.0
1771,0.0
1772,0.0
1773,3.9436265364400924e-10
1774,0.0
1775,0.0
1776,0.0
1777,0.0
1778,0.0
1779,0.0
1780,0.0
1781,0.0
1782,0.0
1783,0.0
1784,0.0
1785,0.0
1786,8.070914603308665e-09
1787,0.0
1788,3.158697747807082e-10
1789,0.0
1790,0.0
1791,0.0
1792,0.0
1793,0.0
1794,0.0
1795,0.0
1796,0.0
1797,0.0
1798,0.0
1799,0.0
1800,0.0
1801,0.0
1802,0.0
1803,0.0
1804,0.0
1805,0.0
1806,0.0
1807,0.0
1808,0.0
1809,0.0
1810,0.0
1811,0.0
1812,0.0
1813,1.481886835463797e-10
1814,0.0
1815,0.0
1816,0.0
1817,0.0
1818,1.7018608744479025e-09
1819,0.0
1820,0.0
1821,0.0
1822,0.0
1823,0.0
1824,0.0
1825,5.190098351093297e-10
1826,0.0
1827,0.0
1828,0.0
1829,0.0
1830,0.0
1831,2.503628082628495e-09
1832,0.0
1833,0.0
1834,0.0
1835,8.411107366157466e-10
1836,0.0
1837,0.0
1838,0.0
1839,1.0969879449262976e-09
1840,5.5783207497661635e-09
1841,0.0
1842,0.0
1843,0.0
1844,4.530253949752705e-09
1845,0.0
1846,0.0
1847,1.185223419408743e-09
1848,5.597911023613733e-12
1849,0.0
1850,0.0
1851,0.0
1852,1.4821149862953575e-10
1853,0.0
1854,0.0
1855,4.5746367804966326e-10
1856,0.0
1857,0.0
1858,0.0
1859,7.761153664187503e-09
1860,0.0
1861,0.0
1862,0.0
1863,0.0
1864,0.0
1865,0.0
1866,0.0
1867,0.0
1868,0.0
1869,0.0
1870,0.0
1871,0.0
1872,0.0
1873,1.5209447590258662e-09
1874,0.0
1875,0.0
1876,1.5943185660560744e-10
1877,0.0
1878,0.0
1879,0.0
1880,0.0
1881,0.0
1882,0.0
1883,0.0
1884,0.0
1885,1.7416043052165264e-09
1886,0.0
1887,0.0
1888,0.0
1889,0.0
1890,0.0
1891,0.0
1892,0.0
1893,0.0
1894,0.0
1895,0.0
1896,0.0
1897,0.0
1898,0.0
1899,0.0
1900,0.0
1901,0.0
1902,0.0
1903,0.0
1904,0.0
1905,0.0
1906,0.0
1907,0.0
1908,0.0
1909,0.0
1910,0.0
1911,1.0057492005888236e-08
1912,1.736261134865913e-11
1913,0.0
1914,4.15971479483801e-10
1915,1.4857198804563154e-10
1916,0.0
1917,4.7303496508721565e-08
1918,0.0
1919,0.0
1920,0.0
1921,0.0
1922,0.0
1923,0.0
1924,9.221383712176845e-09
1925,0.0
1926,0.0
1927,0.0
1928,2.6238073380646654e-09
1929,0.0
1930,5.2447729492755e-10
1931,0.0
1932,0.0
1933,0.0
1934,0.0
1935,0.0
1936,0.0
1937,0.0
1938,0.0
1939,0.0
1940,4.070205283923656e-11
1941,8.845908838761574e-09
1942,0.0
1943,0.0
1944,0.0
1945,0.0
1946,0.0
1947,5.840114281063791e-09
1948,0.0
1949,0.0
1950,1.5297762834265427e-08
1951,2.377275676312962e-08
1952,0.0
1953,0.0
1954,0.0
1955,0.0
1956,1.2467853971465104e-09
1957,0.0
1958,0.0
1959,0.0
1960,9.202219874993034e-09
1961,0.0
1962,0.0
1963,0.0
1964,0.0
1965,0.0
1966,0.0
1967,0.0
1968,0.0
1969,0.0
1970,8.116946392799917e-09
1971,0.0
1972,2.700097478935959e-09
1973,0.0
1974,0.0
1975,0.0
1976,0.0
1977,0.0
1978,0.0
1979,0.0
1980,2.0714053250436848e-08
1981,0.0
1982,0.0
1983,6.888602466226246e-10
1984,0.0
1985,1.4619315202857308e-09
1986,0.0
1987,0.0
1988,0.0
1989,0.0
1990,0.0
1991,0.0
1992,0.0
1993,0.0
1994,0.0
1995,0.0
1996,0.0
1997,0.0
1998,4.359235195039446e-11
1999,0.0
2000,0.0
2001,0.0
2002,0.0
2003,0.0
2004,0.0
2005,0.0
2006,0.0
2007,0.0
2008,0.0
2009,5.459466212442976e-12
2010,0.0
2011,0.0
2012,0.0
2013,0.0
2014,0.0
2015,0.0
2016,0.0
2017,0.0
2018,0.0
2019,0.0
2020,0.0
2021,0.0
2022,0.0
2023,0.0
2024,0.0
2025,1.18009713112599e-09
2026,0.0
2027,0.0
2028,0.0
2029,0.0
2030,0.0
2031,0.0
2032,0.0
2033,1.6543487135756152e-09
2034,0.0
2035,0.0
2036,0.0
2037,0.0
2038,0.0
2039,8.069121038012383e-09
2040,1.8901733511711427e-09
2041,0.0
2042,0.0
2043,0.0
2044,0.0
2045,5.400613845019109e-09
2046,2.3371268254024358e-09
2047,0.0
2048,0.0
2049,3.140492060849098e-08
2050,1.915535341456831e-09
2051,1.2179804387280058e-09
2052,0.0
2053,5.100382560740968e-09
2054,1.0057197241675198e-08
2055,0.0
2056,0.0
2057,0.0
2058,0.0
2059,0.0
2060,0.0
2061,5.054653362535078e-10
2062,0.0
2063,0.0
2064,0.0
2065,0.0
2066,0.0
2067,0.0
2068,0.0
2069,0.0
2070,0.0
2071,1.872064780972238e-09
2072,0.0
2073,0.0
2074,0.0
2075,0.0
2076,0.0
2077,3.8557790293936023e-10
2078,0.0
2079,0.0
2080,0.0
2081,0.0
2082,0.0
2083,0.0
2084,0.0
2085,0.0
2086,0.0
2087,0.0
2088,0.0
2089,7.884364827681623e-10
2090,0.0
2091,0.0
2092,0.0
2093,0.0
2094,0.0
2095,0.0
2096,0.0
2097,0.0
2098,0.0
2099,0.0
2100,0.0
2101,8.227367842561506e-09
2102,0.0
2103,0.0
2104,0.0
2105,0.0
2106,0.0
2107,2.28065094587393e-09
2108,0.0
2109,4.2780175513179586e-09
2110,1.061121246426211e-09
2111,0.0
2112,3.1145275247723703e-10
2113,0.0
2114,0.0
2115,0.0
2116,0.0
2117,0.0
2118,0.0
2119,0.0
2120,1.1873261596129225e-08
2121,0.0
2122,0.0
2123,0.0
2124,0.0
2125,1.5917611673188503e-10
2126,4.333999825689716e-11
2127,2.221344275188386e-09
2128,2.49019435072384e-08
2129,0.0
2130,0.0
2131,3.854123908908491e-09
2132,4.467939740404603e-09
2133,0.0
2134,0.0
2135,0.0
2136,0.0
2137,0.0
2138,0.0
2139,0.0
2140,0.0
2141,0.0
2142,0.0
2143,4.144387610871547e-10
2144,0.0
2145,4.6361573469155815e-09
2146,0.0
2147,8.881254176529296e-09
2148,0.0
2149,0.0
2150,0.0
2151,0.0
2152,0.0
2153,0.0
2154,1.0323521482114018e-09
2155,0.0
2156,0.0
2157,0.0
2158,8.555656738629125e-09
2159,0.0
2160,1.2128856807791522e-09
2161,0.0
2162,3.292547401390067e-09
2163,0.0
2164,0.0
2165,0.0
2166,0.0
2167,0.0
2168,0.0
2169,1.7772351368350314e-09
2170,0.0
2171,0.0
2172,0.0
2173,0.0
2174,1.6457928908586439e-09
2175,0.0
2176,0.0
2177,5.628220112186e-12
2178,0.0
2179,0.0
2180,0.0
2181,0.0
2182,0.0
2183,0.0
2184,0.0
2185,0.0
2186,0.0
2187,0.0
2188,0.0
2189,0.0
2190,4.147326926329242e-11
2191,0.0
2192,0.0
2193,0.0
2194,8.068853030174239e-09
2195,0.0
2196,0.0
2197,0.0
2198,0.0
2199,0.0
2200,0.0
2201,8.559463804402867e-09
2202,0.0
2203,0.0
2204,0.0
2205,0.0
2206,0.0
2207,0.0
2208,0.0
2209,0.0
2210,0.0
2211,0.0
2212,7.640302168709923e-09
2213,0.0
2214,0.0
2215,0.0
2216,1.6537458624732437e-09
2217,0.0
2218,0.0
2219,0.0
2220,0.0
2221,0.0
2222,0.0
2223,0.0
2224,0.0
2225,2.875147009362422e-09
2226,0.0
2227,0.0
2228,0.0
2229,0.0
2230,0.0
2231,0.0
2232,0.0
2233,0.0
2234,0.0
2235,2.5293501182410694e-09
2236,0.0
2237,0.0
2238,0.0
2239,0.0
2240,0.0
2241,0.0
2242,0.0
2243,0.0
2244,0.0
2245,0.0
2246,0.0
2247,0.0
2248,0.0
2249,0.0
2250,0.0
2251,0.0
2252,0.0
2253,0.0
2254,0.0
2255,0.0
2256,0.0
2257,0.0
2258,1.2007167482508407e-10
2259,0.0
2260,0.0
2261,0.0
2262,0.0
2263,0.0
2264,1.2192854503823014e-09
2265,0.0
2266,0.0
2267,0.0
2268,0.0
2269,0.0
2270,2.908095819709189e-09
2271,0.0
2272,0.0
2273,0.0
2274,0.0
2275,0.0
2276,0.0
2277,0.0
2278,0.0
2279,6.1063818446172036e-09
2280,8.492908654123e-09
2281,0.0
2282,0.0
2283,0.0
2284,0.0
2285,0.0
2286,0.0
2287,0.0
2288,0.0
2289,0.0
2290,0.0
2291,0.0
2292,3.974590490063434e-09
2293,0.0
2294,0.0
2295,0.0
2296,0.0
2297,0.0
2298,0.0
2299,0.0
2300,0.0
2301,0.0
2302,0.0
2303,0.0
2304,0.0
2305,0.0
2306,0.0
2307,0.0
2308,0.0
2309,0.0
2310,0.0
2311,0.0
2312,0.0
2313,0.0
2314,0.0
2315,0.0
2316,0.0
2317,0.0
2318,0.0
2319,0.0
2320,0.0
2321,0.0
2322,0.0
2323,0.0
2324,0.0
2325,0.0
2326,0.0
2327,0.0
2328,0.0
2329,0.0
2330,0.0
2331,3.787429148083277e-09
2332,0.0
2333,0.0
2334,0.0
2335,0.0
2336,0.0
2337,8.070322243813877e-09
2338,0.0
2339,0.0
2340,0.0
2341,0.0
2342,1.8392323053451065e-08
2343,0.0
2344,0.0
2345,0.0
2346,0.0
2347,0.0
2348,0.0
2349,0.0
2350,0.0
2351,0.0
2352,0.0
2353,3.427810257861097e-10
2354,0.0
2355,0.0
2356,0.0
2357,0.0
2358,1.5291529709138274e-09
2359,0.0
2360,0.0
2361,0.0
2362,1.2767698009952255e-10
2363,0.0
2364,0.0
2365,0.0
2366,0.0
2367,0.0
2368,0.0
2369,0.0
2370,0.0
2371,0.0
2372,0.0
2373,0.0
2374,0.0
2375,0.0
2376,0.0
2377,2.7998647844640345e-10
2378,0.0
2379,0.0
2380,0.0
2381,0.0
2382,0.0
2383,0.0
2384,3.482915067465342e-10
2385,0.0
2386,0.0
2387,0.0
2388,0.0
2389,0.0
2390,0.0
2391,0.0
2392,0.0
2393,0.0
2394,8.43585329368679e-09
2395,0.0
2396,0.0
2397,0.0
2398,0.0
2399,0.0
2400,4.89987606044906e-10
2401,0.0
2402,0.0
2403,0.0
2404,0.0
2405,0.0
2406,0.0
2407,0.0
2408,0.0
2409,0.0
2410,0.0
2411,0.0
2412,0.0
2413,0.0
2414,0.0
2415,0.0
2416,0.0
2417,0.0
2418,0.0
2419,1.5929052521457265e-10
2420,0.0
2421,0.0
2422,0.0
2423,6.68154975791424e-11
2424,0.0
2425,0.0
2426,0.0
2427,0.0
2428,0.0
2429,1.1438191394042008e-08
2430,0.0
2431,0.0
2432,0.0
2433,0.0
2434,0.0
2435,0.0
2436,0.0
2437,3.4901305678847194e-08
2438,9.863271588361755e-09
2439,0.0
2440,3.0538454542927695e-09
2441,0.0
2442,0.0
2443,0.0
2444,0.0
2445,0.0
2446,1.3767056383784393e-09
2447,6.085421611068398e-10
2448,7.430425164045573e-10
2449,0.0
2450,0.0
2451,0.0
2452,0.0
2453,1.2679379213231812e-09
2454,0.0
2455,0.0
2456,1.1749821282602824e-08
2457,0.0
2458,0.0
2459,0.0
2460,1.299181484615275e-09
2461,0.0
2462,0.0
2463,0.0
2464,4.10397271721763e-11
2465,0.0
2466,0.0
2467,0.0
2468,0.0
2469,0.0
2470,0.0
2471,0.0
2472,0.0
2473,0.0
2474,0.0
2475,0.0
2476,0.0
2477,0.0
2478,0.0
2479,0.0
2480,0.0
2481,0.0
2482,0.0
2483,0.0
2484,0.0
2485,0.0
2486,0.0
2487,0.0
2488,0.0
2489,7.810809776742644e-10
2490,0.0
2491,1.4468293785263597e-09
2492,0.0
2493,0.0
2494,0.0
2495,0.0
2496,0.0
2497,0.0
2498,0.0
2499,0.0
2500,0.0
2501,0.0
2502,5.2961895147252136e-08
2503,1.511114749996878e-08
2504,0.0
2505,1.4139219239872602e-09
2506,0.0
2507,1.3824637545845064e-08
2508,0.0
2509,0.0
2510,0.0
2511,0.0
2512,0.0
2513,0.0
2514,0.0
2515,0.0
2516,7.586364036971105e-09
2517,0.0
2518,0.0
2519,0.0
2520,0.0
2521,3.2357507784297468e-09
2522,0.0
2523,0.0
2524,0.0
2525,0.0
2526,0.0
2527,0.0
2528,0.0
2529,0.0
2530,0.0
2531,0.0
2532,0.0
2533,0.0
2534,0.0
2535,0.0
2536,0.0
2537,0.0
2538,0.0
2539,0.0
2540,0.0
2541,0.0
2542,0.0
2543,0.0
2544,0.0
2545,0.0
2546,0.0
2547,0.0
2548,0.0
2549,0.0
2550,0.0
2551,0.0
2552,0.0
2553,0.0
2554,0.0
2555,0.0
2556,0.0
2557,0.0
2558,0.0
2559,0.0
2560,0.0
2561,0.0
2562,0.0
2563,0.0
2564,2.2281742562135776e-09
2565,0.0
2566,0.0
2567,0.0
2568,0.0
2569,0.0
2570,0.0
2571,1.4836709638643697e-10
2572,0.0
2573,0.0
2574,9.80213038515032e-09
2575,0.0
2576,7.78606429330253e-09
2577,0.0
2578,0.0
2579,0.0
2580,0.0
2581,0.0
2582,0.0
2583,0.0
2584,0.0
2585,0.0
2586,0.0
2587,0.0
2588,0.0
2589,0.0
2590,0.0
2591,5.096995681075356e-08
2592,2.7855905360141264e-09
2593,0.0
2594,0.0
2595,0.0
2596,0.0
2597,0.0
2598,0.0
2599,0.0
2600,0.0
2601,0.0
2602,0.0
2603,1.636392688020294e-10
2604,0.0
2605,0.0
2606,0.0
2607,0.0
2608,0.0
2609,4.2203129879681e-11
2610,0.0
2611,0.0
2612,0.0
2613,0.0
2614,0.0
2615,0.0
2616,0.0
2617,0.0
2618,0.0
2619,2.583312674886429e-09
2620,0.0
2621,0.0
2622,6.8977736300546155e-09
2623,0.0
2624,0.0
2625,0.0
2626,0.0
2627,0.0
2628,0.0
2629,0.0
2630,0.0
2631,0.0
2632,1.21997473234714e-09
2633,0.0
2634,1.0135072670003353e-08
2635,0.0
2636,1.4835699335691288e-10
2637,0.0
2638,0.0
2639,1.1412246314623786e-08
2640,0.0
2641,0.0
2642,1.4859335983885558e-10
2643,0.0
2644,0.0
2645,0.0
2646,0.0
2647,0.0
2648,0.0
2649,0.0
2650,0.0
2651,0.0
2652,0.0
2653,0.0
2654,0.0
2655,0.0
2656,0.0
2657,0.0
2658,0.0
2659,8.069502344110191e-09
2660,0.0
2661,0.0
2662,0.0
2663,0.0
2664,0.0
2665,0.0
2666,0.0
2667,0.0
2668,0.0
2669,0.0
2670,0.0
2671,0.0
2672,0.0
2673,0.0
2674,0.0
2675,0.0
2676,0.0
2677,0.0
2678,0.0
2679,0.0
2680,1.0279891327069635e-08
2681,0.0
2682,8.882985014224687e-09
2683,0.0
2684,1.1434785729402819e-08
2685,0.0
2686,0.0
2687,0.0
2688,0.0
2689,0.0
2690,0.0
2691,0.0
2692,0.0
2693,0.0
2694,0.0
2695,0.0
2696,0.0
2697,0.0
2698,3.2698861340829666e-08
2699,0.0
2700,2.1068415900771242e-09
2701,0.0
2702,0.0
2703,0.0
2704,0.0
2705,0.0
2706,0.0
2707,0.0
2708,0.0
2709,7.187691608567803e-09
2710,0.0
2711,0.0
2712,0.0
2713,0.0
2714,5.539284031463865e-10
2715,0.0
2716,0.0
2717,0.0
2718,0.0
2719,0.0
2720,0.0
2721,0.0
2722,0.0
2723,0.0
2724,4.170080947218935e-11
2725,0.0
2726,0.0
2727,0.0
2728,0.0
2729,7.257067169419429e-10
2730,1.4372922851890735e-09
2731,0.0
2732,1.897462920119608e-08
2733,0.0
2734,0.0
2735,0.0
2736,0.0
2737,0.0
2738,0.0
2739,8.068623047474688e-09
2740,0.0
2741,0.0
2742,7.801343404612027e-09
2743,0.0
2744,0.0
2745,0.0
2746,0.0
2747,0.0
2748,0.0
2749,0.0
2750,0.0
2751,0.0
2752,1.354054202096222e-09
2753,0.0
2754,0.0
2755,0.0
2756,0.0
2757,0.0
2758,0.0
2759,1.3301176826630012e-10
2760,0.0
2761,1.0895423785406422e-08
2762,0.0
2763,0.0
2764,0.0
2765,0.0
2766,3.975681395207431e-09
2767,0.0
2768,0.0
2769,0.0
2770,0.0
2771,0.0
2772,0.0
2773,0.0
2774,0.0
2775,0.0
2776,1.016192197056398e-08
2777,0.0
2778,0.0
2779,0.0
2780,0.0
2781,0.0
2782,0.0
2783,0.0
2784,4.7916111634016545e-09
2785,0.0
2786,0.0
2787,0.0
2788,0.0
2789,0.0
2790,0.0
2791,0.0
2792,0.0
2793,2.0124835242718575e-08
2794,0.0
2795,0.0
2796,0.0
2797,0.0
2798,0.0
2799,0.0
2800,1.0959184060244098e-08
2801,0.0
2802,0.0
2803,0.0
2804,0.0
2805,0.0
2806,1.3623474570678695e-10
2807,0.0
2808,2.2276650746277937e-08
2809,8.06926381269335e-09
2810,0.0
2811,0.0
2812,0.0
2813,0.0
2814,0.0
2815,0.0
2816,0.0
2817,0.0
2818,0.0
2819,0.0
2820,0.0
2821,0.0
2822,0.0
2823,0.0
2824,9.482454266240836e-10
2825,0.0
2826,0.0
2827,1.3534321996466758e-09
2828,0.0
2829,1.1174384750844979e-09
2830,0.0
2831,0.0
2832,8.49973813554783e-09
2833,0.0
2834,1.0091111779519935e-08
2835,0.0
2836,0.0
2837,0.0
2838,0.0
2839,0.0
2840,0.0
2841,0.0
2842,1.4618252053288927e-08
2843,0.0
2844,0.0
2845,0.0
2846,0.0
2847,0.0
2848,0.0
2849,0.0
2850,7.2290997632507015e-09
2851,0.0
2852,1.9394221784097e-09
2853,0.0
2854,0.0
2855,3.958292066341684e-08
2856,0.0
2857,0.0
2858,0.0
2859,0.0
2860,9.748830465117209e-09
2861,0.0
2862,0.0
2863,0.0
2864,8.290484965201017e-11
2865,0.0
2866,0.0
2867,0.0
2868,0.0
2869,0.0
2870,0.0
2871,1.0702659758443644e-08
2872,0.0
2873,0.0
2874,0.0
2875,0.0
2876,0.0
2877,0.0
2878,0.0
2879,0.0
2880,0.0
2881,0.0
2882,0.0
2883,6.350202974569896e-09
2884,0.0
2885,0.0
2886,0.0
2887,0.0
2888,0.0
2889,0.0
2890,0.0
2891,0.0
2892,0.0
2893,0.0
2894,4.1740444434168467e-11
2895,8.06991845569982e-09
2896,0.0
2897,1.7178117261984482e-08
2898,0.0
2899,0.0
2900,0.0
2901,0.0
2902,5.536407998718573e-10
2903,0.0
2904,0.0
2905,2.261402121117584e-09
2906,0.0
2907,0.0
2908,0.0
2909,0.0
2910,4.127763686412322e-09
2911,4.570923195501564e-09
2912,0.0
2913,0.0
2914,0.0
2915,0.0
2916,0.0
2917,0.0
2918,1.5002127318197722e-10
2919,0.0
2920,0.0
2921,0.0
2922,0.0
2923,0.0
2924,0.0
2925,0.0
2926,4.472117676179721e-09
2927,0.0
2928,0.0
2929,3.653195468356074e-09
2930,0.0
2931,0.0
2932,0.0
2933,0.0
2934,0.0
2935,0.0
2936,0.0
2937,0.0
2938,4.5261234760118896e-09
2939,0.0
2940,0.0
2941,0.0
2942,0.0
2943,0.0
2944,1.0560595287145702e-08
2945,0.0
2946,1.867192234161763e-09
2947,0.0
2948,2.19189227879113e-09
2949,0.0
2950,0.0
2951,0.0
2952,0.0
2953,0.0
2954,0.0
2955,0.0
2956,0.0
2957,0.0
2958,0.0
2959,0.0
2960,0.0
2961,0.0
2962,0.0
2963,4.076610493619626e-09
2964,0.0
2965,0.0
2966,2.1759144319677404e-08
2967,0.0
2968,0.0
2969,9.506945231052555e-11
2970,0.0
2971,0.0
2972,0.0
2973,0.0
2974,6.110476524767705e-08
2975,0.0
2976,0.0
2977,0.0
2978,0.0
2979,0.0
2980,0.0
2981,0.0
2982,0.0
2983,1.1773514774215954e-08
2984,0.0
2985,0.0
2986,0.0
2987,0.0
2988,0.0
2989,8.880440605096851e-09
2990,7.414827307705707e-09
2991,0.0
2992,0.0
2993,0.0
2994,0.0
2995,0.0
2996,0.0
2997,0.0
2998,0.0
2999,4.622876526028108e-10
3000,0.0
3001,1.686751682772325e-09
3002,0.0
3003,1.8092433107241845e-09
3004,0.0
3005,0.0
3006,0.0
3007,7.793232725816779e-11
3008,0.0
3009,0.0
3010,0.0
3011,0.0
3012,0.0
3013,0.0
3014,0.0
3015,4.0347947205532364e-11
3016,0.0
3017,0.0
3018,0.0
3019,0.0
3020,0.0
3021,0.0
3022,0.0
3023,0.0
3024,0.0
3025,8.81163197963275e-10
3026,0.0
3027,0.0
3028,0.0
3029,0.0
3030,0.0
3031,0.0
3032,0.0
3033,0.0
3034,0.0
3035,2.2666522492276187e-08
3036,0.0
3037,0.0
3038,0.0
3039,0.0
3040,0.0
3041,0.0
3042,0.0
3043,0.0
3044,0.0
3045,0.0
3046,0.0
3047,0.0
3048,0.0
3049,2.4099517936804205e-09
3050,0.0
3051,0.0
3052,3.1496855124046874e-09
3053,0.0
3054,0.0
3055,0.0
3056,0.0
3057,0.0
3058,0.0
3059,0.0
3060,0.0
3061,0.0
3062,0.0
3063,0.0
3064,0.0
3065,4.697307542933515e-10
3066,0.0
3067,9.056497474180247e-08
3068,1.7228487525500213e-09
3069,0.0
3070,0.0
3071,0.0
3072,1.4839302009406197e-10
3073,2.2048254888495933e-09
3074,0.0
3075,0.0
3076,0.0
3077,0.0
3078,0.0
3079,0.0
3080,0.0
3081,0.0
3082,6.859892653920951e-10
3083,7.670769019973989e-09
3084,0.0
3085,0.0
3086,0.0
3087,1.968853746703303e-08
3088,0.0
3089,0.0
3090,0.0
3091,0.0
3092,0.0
3093,0.0
3094,0.0
3095,0.0
3096,4.154128707689608e-09
3097,0.0
3098,8.500520953802493e-09
3099,0.0
3100,0.0
3101,3.1906438602291587e-10
3102,5.295074939626332e-08
3103,0.0
3104,0.0
3105,6.406911501333212e-09
3106,0.0
3107,0.0
3108,7.884742247998844e-08
3109,1.680811156923312e-09
3110,0.0
3111,0.0
3112,0.0
3113,0.0
3114,0.0
3115,0.0
3116,0.0
3117,0.0
3118,3.031732642710949e-10
3119,0.0
3120,0.0
3121,1.0806362471527109e-08
3122,0.0
3123,0.0
3124,0.0
3125,0.0
3126,0.0
3127,0.0
3128,0.0
3129,8.324646971757943e-09
3130,0.0
3131,3.1320881443974713e-09
3132,0.0
3133,0.0
3134,0.0
3135,0.0
3136,0.0
3137,0.0
3138,0.0
3139,8.071456114588926e-09
3140,0.0
3141,0.0
3142,0.0
3143,0.0
3144,0.0
3145,0.0
3146,0.0
3147,0.0
3148,0.0
3149,0.0
3150,0.0
3151,0.0
3152,0.0
3153,0.0
3154,0.0
3155,0.0
3156,0.0
3157,0.0
3158,0.0
3159,0.0
3160,0.0
3161,0.0
3162,2.1238833469716667e-09
3163,0.0
3164,4.1859071764349665e-11
3165,0.0
3166,0.0
3167,0.0
3168,2.157489964460524e-09
3169,0.0
3170,0.0
3171,0.0
3172,0.0
3173,0.0
3174,0.0
3175,0.0
3176,0.0
3177,0.0
3178,0.0
3179,0.0
3180,0.0
3181,0.0
3182,0.0
3183,1.703037710854005e-11
3184,0.0
3185,0.0
3186,1.0039750697465877e-09
3187,0.0
3188,0.0
3189,0.0
3190,3.8321790185591453e-10
3191,8.077577218212895e-09
3192,0.0
3193,0.0
3194,0.0
3195,0.0
3196,0.0
3197,0.0
3198,1.0568317110326575e-08
3199,0.0
3200,2.5019700589101745e-08
3201,0.0
3202,0.0
3203,4.301947686968788e-11
3204,0.0
3205,0.0
3206,0.0
3207,0.0
3208,0.0
3209,0.0
3210,0.0
3211,0.0
3212,0.0
3213,0.0
3214,0.0
3215,0.0
3216,0.0
3217,0.0
3218,0.0
3219,0.0
3220,0.0
3221,0.0
3222,0.0
3223,0.0
3224,0.0
3225,0.0
3226,0.0
3227,0.0
3228,0.0
3229,0.0
3230,0.0
3231,0.0
3232,1.29460379083568e-08
3233,0.0
3234,0.0
3235,0.0
3236,0.0
3237,0.0
3238,0.0
3239,0.0
3240,4.536643283259423e-11
3241,0.0
3242,0.0
3243,0.0
3244,9.095064978925649e-09
3245,8.025973441405654e-09
3246,0.0
3247,3.832440975681806e-09
3248,0.0
3249,0.0
3250,0.0
3251,0.0
3252,0.0
3253,0.0
3254,0.0
3255,0.0
3256,0.0
3257,0.0
3258,0.0
3259,0.0
3260,0.0
3261,0.0
3262,0.0
3263,0.0
3264,3.2004626726589436e-10
3265,0.0
3266,0.0
3267,0.0
3268,0.0
3269,0.0
3270,0.0
3271,0.0
3272,0.0
3273,0.0
3274,3.3837332935604536e-10
3275,5.141420622578607e-10
3276,0.0
3277,0.0
3278,0.0
3279,0.0
3280,0.0
3281,0.0
3282,0.0
3283,0.0
3284,1.851560571530797e-10
3285,0.0
3286,0.0
3287,0.0
3288,0.0
3289,0.0
3290,0.0
3291,0.0
3292,0.0
3293,0.0
3294,0.0
3295,0.0
3296,0.0
3297,0.0
3298,0.0
3299,0.0
3300,0.0
3301,0.0
3302,0.0
3303,0.0
3304,0.0
3305,0.0
3306,0.0
3307,0.0
3308,0.0
3309,0.0
3310,0.0
3311,0.0
3312,0.0
3313,0.0
3314,1.0714387266297365e-08
3315,0.0
3316,5.709266392983636e-12
3317,0.0
3318,0.0
3319,0.0
3320,0.0
3321,0.0
3322,0.0
3323,0.0
3324,0.0
3325,0.0
3326,0.0
3327,0.0
3328,9.528948463621845e-09
3329,0.0
3330,0.0
3331,0.0
3332,0.0
3333,0.0
3334,0.0
3335,0.0
3336,0.0
3337,0.0
3338,0.0
3339,0.0
3340,0.0
3341,0.0
3342,1.2576362173888356e-10
3343,0.0
3344,2.161605278105938e-08
3345,0.0
3346,0.0
3347,0.0
3348,0.0
3349,0.0
3350,0.0
3351,1.0692545737711612e-09
3352,0.0
3353,0.0
3354,0.0
3355,0.0
3356,0.0
3357,0.0
3358,0.0
3359,0.0
3360,1.2497731183280791e-08
3361,1.1329858828901251e-08
3362,0.0
3363,0.0
3364,0.0
3365,0.0
3366,0.0
3367,1.617674882936626e-09
3368,0.0
3369,0.0
3370,0.0
3371,0.0
3372,0.0
3373,0.0
3374,0.0
3375,0.0
3376,0.0
3377,0.0
3378,0.0
3379,0.0
3380,0.0
3381,0.0
3382,0.0
3383,0.0
3384,0.0
3385,0.0
3386,0.0
3387,0.0
3388,0.0
3389,0.0
3390,0.0
3391,0.0
3392,0.0
3393,0.0
3394,0.0
3395,0.0
3396,0.0
3397,6.824101783653447e-09
3398,0.0
3399,0.0
3400,0.0
3401,5.642603606581531e-10
3402,0.0
3403,0.0
3404,0.0
3405,0.0
3406,0.0
3407,0.0
3408,0.0
3409,0.0
3410,0.0
3411,0.0
3412,0.0
3413,0.0
3414,0.0
3415,0.0
3416,0.0
3417,0.0
3418,0.0
3419,0.0
3420,0.0
3421,0.0
3422,0.0
3423,0.0
3424,0.0
3425,0.0
3426,0.0
3427,0.0
3428,0.0
3429,0.0
3430,0.0
3431,0.0
3432,1.4602794529139373e-09
3433,1.6374072098201964e-09
3434,0.0
3435,0.0
3436,0.0
3437,7.3276758549845056e-09
3438,0.0
3439,0.0
3440,9.585718330207271e-09
3441,0.0
3442,0.0
3443,0.0
3444,0.0
3445,0.0
3446,0.0
3447,8.769856507662155e-10
3448,0.0
3449,0.0
3450,0.0
3451,0.0
3452,0.0
3453,0.0
3454,0.0
3455,0.0
3456,0.0
3457,2.1211255474273827e-08
3458,0.0
3459,0.0
3460,0.0
3461,0.0
3462,7.093494125420818e-10
3463,0.0
3464,9.74824126975804e-09
3465,0.0
3466,8.493115988272848e-09
3467,0.0
3468,0.0
3469,5.443148931583153e-09
3470,0.0
3471,0.0
3472,0.0
3473,0.0
3474,0.0
3475,0.0
3476,0.0
3477,7.64011498510797e-09
3478,0.0
3479,0.0
3480,0.0
3481,0.0
3482,0.0
3483,0.0
3484,0.0
3485,0.0
3486,9.684387181074783e-10
3487,0.0
3488,0.0
3489,0.0
3490,0.0
3491,0.0
3492,0.0
3493,0.0
3494,0.0
3495,0.0
3496,0.0
3497,0.0
3498,0.0
3499,0.0
3500,3.7017569010089346e-09
3501,0.0
3502,0.0
3503,0.0
3504,0.0
3505,0.0
3506,0.0
3507,0.0
3508,0.0
3509,0.0
3510,0.0
3511,0.0
3512,0.0
3513,0.0
3514,9.705321379893661e-09
3515,0.0
3516,0.0
3517,1.2115700109838201e-09
3518,0.0
3519,0.0
3520,0.0
3521,0.0
3522,0.0
3523,0.0
3524,0.0
3525,0.0
3526,0.0
3527,0.0
3528,1.0623694590705668e-08
3529,0.0
3530,0.0
3531,0.0
3532,0.0
3533,0.0
3534,0.0
3535,2.2326464566013726e-08
3536,0.0
3537,0.0
3538,0.0
3539,0.0
3540,0.0
3541,0.0
3542,0.0
3543,0.0
3544,0.0
3545,0.0
3546,0.0
3547,0.0
3548,0.0
3549,2.593828596353376e-09
3550,0.0
3551,0.0
3552,0.0
3553,3.3976488289511053e-10
3554,0.0
3555,0.0
3556,0.0
3557,0.0
3558,0.0
3559,0.0
3560,7.761423170826731e-10
3561,1.9456160571529324e-09
3562,8.49128517499409e-09
3563,0.0
3564,4.8087233639471094e-09
3565,0.0
3566,0.0
3567,0.0
3568,5.006074832447638e-09
3569,0.0
3570,8.068360646262818e-09
3571,4.869372183247123e-09
3572,1.5034191669371921e-09
3573,0.0
3574,0.0
3575,0.0
3576,0.0
3577,0.0
3578,0.0
3579,0.0
3580,0.0
3581,0.0
3582,0.0
3583,9.357025709810785e-09
3584,0.0
3585,0.0
3586,0.0
3587,0.0
3588,0.0
3589,0.0
3590,0.0
3591,0.0
3592,0.0
3593,0.0
3594,0.0
3595,0.0
3596,0.0
3597,0.0
3598,0.0
3599,0.0
3600,0.0
3601,0.0
3602,0.0
3603,1.963270934712824e-09
3604,0.0
3605,0.0
3606,0.0
3607,0.0
3608,0.0
3609,0.0
3610,0.0
3611,0.0
3612,3.2799350124790294e-08
3613,0.0
3614,0.0
3615,0.0
3616,1.8115278610508767e-08
3617,0.0
3618,0.0
3619,0.0
3620,0.0
3621,6.353774228973208e-09
3622,6.213814796041106e-09
3623,0.0
3624,4.233974337797264e-09
3625,0.0
3626,0.0
3627,0.0
3628,0.0
3629,0.0
3630,0.0
3631,0.0
3632,0.0
3633,0.0
3634,0.0
3635,0.0
3636,1.0173178854877563e-08
3637,0.0
3638,0.0
3639,0.0
3640,0.0
3641,0.0
3642,1.5812701148476549e-09
3643,0.0
3644,0.0
3645,0.0
3646,0.0
3647,0.0
3648,1.836341079197723e-10
3649,0.0
3650,2.1285810503091085e-08
3651,0.0
3652,3.5405295917279034e-09
3653,0.0
3654,0.0
3655,5.722298523913594e-09
3656,0.0
3657,0.0
3658,0.0
3659,0.0
3660,1.3034031187686423e-08
3661,0.0
3662,0.0
3663,0.0
3664,1.484902201198679e-10
3665,0.0
3666,0.0
3667,2.1066202671171652e-09
3668,0.0
3669,0.0
3670,0.0
3671,0.0
3672,0.0
3673,0.0
3674,1.8352164232737778e-09
3675,0.0
3676,0.0
3677,0.0
3678,0.0
3679,1.575959929223103e-08
3680,0.0
3681,0.0
3682,0.0
3683,0.0
3684,0.0
3685,0.0
3686,0.0
3687,0.0
3688,8.070585366670713e-09
3689,0.0
3690,0.0
3691,0.0
3692,0.0
3693,0.0
3694,0.0
3695,1.1826452039898072e-09
3696,0.0
3697,0.0
3698,0.0
3699,0.0
3700,0.0
3701,0.0
3702,0.0
3703,0.0
3704,0.0
3705,0.0
3706,0.0
3707,0.0
3708,0.0
3709,0.0
3710,8.07050049012048e-09
3711,0.0
3712,3.1861276950095885e-09
3713,1.5097554539877933e-08
3714,1.2333383203610992e-09
3715,0.0
3716,1.0168754727146734e-10
3717,0.0
3718,0.0
3719,0.0
3720,0.0
3721,0.0
3722,0.0
3723,1.2699024054541042e-09
3724,0.0
3725,0.0
3726,0.0
3727,0.0
3728,0.0
3729,0.0
3730,0.0
3731,0.0
3732,0.0
3733,8.65968408092499e-12
3734,0.0
3735,0.0
3736,0.0
3737,0.0
3738,0.0
3739,0.0
3740,5.196106711569115e-09
3741,0.0
3742,0.0
3743,0.0
3744,0.0
3745,0.0
3746,0.0
3747,0.0
3748,0.0
3749,0.0
3750,0.0
3751,0.0
3752,0.0
3753,0.0
3754,0.0
3755,0.0
3756,0.0
3757,0.0
3758,1.4828149819123837e-10
3759,0.0
3760,2.4221905037258296e-09
3761,0.0
3762,0.0
3763,0.0
3764,0.0
3765,0.0
3766,0.0
3767,0.0
3768,0.0
3769,7.0609641467100914e-09
3770,2.636183937809733e-09
3771,0.0
3772,0.0
3773,0.0
3774,0.0
3775,0.0
3776,0.0
3777,0.0
3778,0.0
3779,0.0
3780,0.0
3781,0.0
3782,0.0
3783,0.0
3784,1.297452661974674e-08
3785,0.0
3786,4.406131265399793e-08
3787,0.0
3788,0.0
3789,0.0
3790,0.0
3791,0.0
3792,0.0
3793,0.0
3794,0.0
3795,0.0
3796,0.0
3797,0.0
3798,3.7207651903958805e-08
3799,0.0
3800,0.0
3801,0.0
3802,1.9133707951368706e-09
3803,8.265737871937517e-09
3804,0.0
3805,0.0
3806,0.0
3807,0.0
3808,0.0
3809,3.961842631738932e-09
3810,0.0
3811,0.0
3812,0.0
3813,0.0
3814,0.0
3815,0.0
3816,0.0
3817,0.0
3818,0.0
3819,0.0
3820,8.610152535393212e-09
3821,0.0
3822,0.0
3823,0.0
3824,0.0
3825,0.0
3826,2.7140896197153097e-09
3827,0.0
3828,0.0
3829,0.0
3830,0.0
3831,0.0
3832,0.0
3833,0.0
3834,0.0
3835,0.0
3836,0.0
3837,0.0
3838,0.0
3839,0.0
3840,0.0
3841,0.0
3842,0.0
3843,0.0
3844,0.0
3845,0.0
3846,0.0
3847,0.0
3848,0.0
3849,0.0
3850,0.0
3851,9.698201686170194e-10
3852,0.0
3853,0.0
3854,0.0
3855,7.080831532224607e-09
3856,0.0
3857,1.7484286241042923e-10
3858,7.744627383843294e-09
3859,0.0
3860,0.0
3861,0.0
3862,0.0
3863,0.0
3864,0.0
3865,0.0
3866,0.0
3867,0.0
3868,1.7234662585963179e-09
3869,0.0
3870,0.0
3871,0.0
3872,0.0
3873,0.0
3874,0.0
3875,3.932040915088919e-09
3876,0.0
3877,0.0
3878,0.0
3879,0.0
3880,0.0
3881,0.0
3882,0.0
3883,0.0
3884,0.0
3885,0.0
3886,0.0
3887,0.0
3888,0.0
3889,0.0
3890,0.0
3891,0.0
3892,0.0
3893,0.0
3894,0.0
3895,0.0
3896,7.605416740830151e-09
3897,0.0
3898,0.0
3899,0.0
3900,0.0
3901,7.088819531375634e-09
3902,0.0
3903,0.0
3904,0.0
3905,0.0
3906,0.0
3907,0.0
3908,0.0
3909,9.483089313810922e-10
3910,0.0
3911,7.682270097841837e-09
3912,1.0151949558778739e-08
3913,0.0
3914,1.2390766190861768e-10
3915,0.0
3916,0.0
3917,0.0
3918,0.0
3919,0.0
3920,0.0
3921,1.8548962310571682e-08
3922,0.0
3923,2.1073128797510776e-09
3924,0.0
3925,0.0
3926,0.0
3927,0.0
3928,0.0
3929,0.0
3930,0.0
3931,0.0
3932,2.2323291548609348e-09
3933,0.0
3934,0.0
3935,0.0
3936,0.0
3937,0.0
3938,0.0
3939,0.0
3940,0.0
3941,0.0
3942,0.0
3943,0.0
3944,0.0
3945,0.0
3946,0.0
3947,0.0
3948,0.0
3949,1.2130696447343325e-10
3950,0.0
3951,0.0
3952,0.0
3953,0.0
3954,0.0
3955,0.0
3956,1.3273543375547092e-09
3957,0.0
3958,0.0
3959,1.1790185883153725e-08
3960,0.0
3961,0.0
3962,0.0
3963,0.0
3964,0.0
3965,0.0
3966,0.0
3967,0.0
3968,0.0
3969,0.0
3970,0.0
3971,3.8645076583243565e-09
3972,0.0
3973,0.0
3974,0.0
3975,1.4460203590083154e-09
3976,0.0
3977,0.0
3978,0.0
3979,0.0
3980,0.0
3981,0.0
3982,0.0
3983,7.714331728969626e-09
3984,0.0
3985,0.0
3986,0.0
3987,1.308809727262883e-10
3988,0.0
3989,1.1588055848221757e-08
3990,0.0
3991,0.0
3992,0.0
3993,0.0
3994,3.5234514750293044e-09
3995,0.0
3996,0.0
3997,0.0
3998,0.0
3999,0.0
4000,0.0
4001,0.0
4002,0.0
4003,0.0
4004,0.0
4005,1.926801884710727e-09
4006,7.56223167419634e-09
4007,0.0
4008,0.0
4009,0.0
4010,8.459696609897094e-09
4011,0.0
4012,0.0
4013,0.0
4014,0.0
4015,0.0
4016,0.0
4017,0.0
4018,8.069329426874106e-09
4019,0.0
4020,6.932031115791659e-09
4021,0.0
4022,0.0
4023,0.0
4024,0.0
4025,0.0
4026,2.5091745348149175e-10
4027,0.0
4028,2.18880080726791e-10
4029,0.0
4030,0.0
4031,0.0
4032,0.0
4033,0.0
4034,0.0
4035,0.0
4036,0.0
4037,0.0
4038,0.0
4039,0.0
4040,0.0
4041,0.0
4042,0.0
4043,0.0
4044,0.0
4045,0.0
4046,0.0
4047,0.0
4048,0.0
4049,2.306105306715267e-11
4050,0.0
4051,0.0
4052,0.0
4053,0.0
4054,0.0
4055,7.45709050065102e-11
4056,0.0
4057,7.450962069555089e-11
4058,0.0
4059,0.0
4060,0.0
4061,0.0
4062,0.0
4063,0.0
4064,0.0
4065,0.0
4066,0.0
4067,0.0
4068,0.0
4069,1.0013935791697293e-09
4070,0.0
4071,0.0
4072,1.0658367743943131e-08
4073,0.0
4074,2.5906225997740506e-08
4075,0.0
4076,0.0
4077,0.0
4078,3.703125750487146e-09
4079,0.0
4080,0.0
4081,0.0
4082,0.0
4083,0.0
4084,0.0
4085,0.0
4086,4.585211654806187e-10
4087,0.0
4088,0.0
4089,0.0
4090,0.0
4091,0.0
4092,0.0
4093,0.0
4094,0.0
4095,7.640244992224154e-09
