bit,mean_abs_shap,frequency_pairs,frequency_unique_lipids,prevalence,combined_score,representative_row,representative_pK,representative_fragment,affinity_source
1088,0.031816013885122174,3,3,0.2727272727272727,0.008677094695942411,1,6.004364805402449,ccc,"all measured rows, retrospective only; may include held-out rows"
2215,0.01291634919397127,6,6,0.5454545454545454,0.0070452813785297835,5,7.100329725273209,ccc(O)cc,"all measured rows, retrospective only; may include held-out rows"
231,0.01399807432034993,3,3,0.2727272727272727,0.003817656632822708,6,6.3872161432802645,Oc1ccccc1,"all measured rows, retrospective only; may include held-out rows"
1313,0.01399807432034993,3,3,0.2727272727272727,0.003817656632822708,6,6.3872161432802645,cccc(O)c,"all measured rows, retrospective only; may include held-out rows"
3826,0.01399807432034993,3,3,0.2727272727272727,0.003817656632822708,6,6.3872161432802645,ccc(O)cc,"all measured rows, retrospective only; may include held-out rows"
266,0.010839431821838013,3,3,0.2727272727272727,0.002956208678683094,5,7.100329725273209,Oc1ccccc1O,"all measured rows, retrospective only; may include held-out rows"
315,0.010839431821838013,3,3,0.2727272727272727,0.002956208678683094,5,7.100329725273209,ccc(O)c(O)c,"all measured rows, retrospective only; may include held-out rows"
402,0.010839431821838013,3,3,0.2727272727272727,0.002956208678683094,5,7.100329725273209,ccc(-c1ccc(O)c(O)c1)oc,"all measured rows, retrospective only; may include held-out rows"
478,0.010839431821838013,3,3,0.2727272727272727,0.002956208678683094,5,7.100329725273209,ccc1oc(-c2cccc(O)c2)cc(=O)c1c,"all measured rows, retrospective only; may include held-out rows"
589,0.010839431821838013,3,3,0.2727272727272727,0.002956208678683094,5,7.100329725273209,ccc(O)c(O)c,"all measured rows, retrospective only; may include held-out rows"
